,28/04/2019,05/05/2019,12/05/2019,19/05/2019,26/05/2019,02/06/2019,09/06/2019,16/06/2019,23/06/2019,30/06/2019,07/07/2019,14/07/2019,21/07/2019,28/07/2019
ajani,1000,1025.247025,1027.0301980000002,1026.864671,1041.4196960000002,1058.77546,1079.0704039999998,1080.66641,1087.974819,1080.560868,1048.912427,1014.077687,1016.496849,1016.496849
ally,1000,997.9048703999999,1006.733927,1009.5434970000001,1028.388226,1070.79726,1089.982253,1097.58936,1107.027451,1118.566582,1101.5073869999999,1105.9395769999999,1116.113195,1113.084228200771
angel,1000,999.5773042000002,1000.650872,999.7574512,1014.7869460000001,1031.966866,1039.670732,1043.942841,1049.768368,1050.424659,1040.256071,1039.017359,1041.524199,1040.9709204720496
ape,1000,999.6356578,1004.12588,1009.068471,1027.435354,1052.3656640000002,1064.595118,1073.631335,1084.1052140000002,1080.486992,1081.8787320000001,1085.620195,1087.661306,1086.1398335053698
arcane,1000,999.3209198999999,1010.508496,1011.2630550000001,1025.065174,1069.687122,1092.1688960000001,1094.216443,1111.18236,1105.3650539999999,1101.597834,1102.0344519999999,1105.376524,1105.0104381009999
archer,1000,996.9026241,1004.020021,1000.200758,1019.424016,1051.4969199999998,1080.396101,1086.76076,1093.831227,1089.967469,1092.6940140000002,1094.67716,1285.4107,1282.7863198208331
archon,1000,992.9029304,1016.9733039999999,1068.980208,1110.7830800000002,1149.37983,1206.325943,1188.969541,1193.9943449999998,1189.730079,1184.572181,1183.195713,1226.192951,1216.9734551278195
arlinn,1000,995.3623187999999,989.3896958999999,987.1217538999999,1008.7417119999999,1053.666547,1057.16904,1065.3011099999999,1068.746827,1071.032917,1074.451107,1069.915166,1059.073359,1074.2029784142856
army,1000,1000.0,941.4342219,898.2457939,904.7881426000001,983.6579867,1007.327266,1009.1804060000001,1010.8224720000001,1007.9172269999999,992.081582,986.9231994999999,981.5903883999999,978.6614246644313
artificer,1000,973.5449735,994.1391940999999,986.2492005,1043.7804039999999,1059.808235,1054.2368689999998,1037.6387109999998,1045.136377,1048.525099,1014.6760300000001,1056.883384,1045.990486,1045.990486
assassin,1000,995.8205442,999.1967332999999,1004.1601890000001,1020.2786970000001,1047.560125,1055.426644,1051.223461,1063.691879,1060.9447810000001,1062.237372,1053.387226,1058.793993,1064.6115424120878
assembly-worker,1000,1007.866258,1010.064467,1007.2838300000001,1020.153417,1026.732966,1044.3121449999999,1047.538211,1053.8890310000002,1053.9194,1053.14264,1055.28726,1050.218805,1050.218805
atog,1000,994.0863732,995.9881822000001,995.8007366,1008.142402,1022.53375,1024.125804,1024.6892710000002,1045.326781,1044.659218,1036.81503,1042.848552,1045.083314,1040.1318335037508
aura,1000,998.1141077,998.7026463999999,1002.01543,1016.869552,1041.874284,1056.744801,1063.757339,1076.008312,1090.006509,1081.395357,1084.1516869999998,1089.260858,1089.408131825659
aurochs,1000,993.0555555999999,991.0566515,991.0566515,1010.4891349999999,1084.8723630000002,1078.845294,1089.422209,1089.422209,1061.922449,1100.735404,1062.821185,1102.850643,1102.850643
avatar,1000,996.9062943,994.3069085000001,994.9786141000001,1000.3076880000001,1014.449118,1013.077085,1005.970069,1005.9524470000001,1006.820703,1011.5499609999999,1002.852398,1009.124768,1009.7646439525422
barbarian,1000,1004.2834109999999,1000.080782,1002.1470640000001,1010.4427380000001,1042.0938,1079.497474,1058.367774,1086.619038,1076.913201,1086.074083,1085.444843,1083.8541380000001,1083.8541380000001
basilisk,1000,1001.2993369999999,1007.115144,1008.30606,1022.392732,1031.0344,1047.902308,1053.743643,1063.6143,1062.576409,1068.974935,1061.660551,1054.249522,1054.249522
bat,1000,1002.905342,1007.533299,1011.312665,1033.358359,1061.317036,1077.084799,1084.314182,1096.582156,1098.986789,1097.599939,1099.241394,1108.920682,1108.920682
bear,1000,994.8818858999999,997.5505083999999,1004.9768369999999,1355.044751,1372.658878,1421.314736,1895.0453519999999,1910.5000940000002,2042.5552670000002,2194.704894,2230.849807,2233.667578,2233.667578
beast,1000,1000.225141,1004.895613,1015.425417,1034.1050970000001,1067.13334,1090.912143,1092.801358,1100.635077,1100.9283269999999,1095.051499,1096.0141119999998,1100.34659,1100.5424771279766
berserker,1000,993.75,1000.8135470000001,1010.8084439999999,1027.939018,1070.432417,1110.31138,1130.979593,1142.1628970000002,1141.276637,1125.2078060000001,1119.651954,1116.1117390000002,1112.8482543830412
bird,1000,997.6353433,1005.373465,1008.633038,1024.526958,1058.0719589999999,1070.80306,1084.536979,1093.508438,1086.974557,1079.324702,1076.926192,1090.430995,1090.280112061713
blinkmoth,1000,997.3441267999999,998.5080773,993.0508445,1012.337059,1020.416342,1031.39815,1067.168774,1099.557527,1193.0183240000001,1202.189057,1191.801707,1202.712684,1202.712684
boar,1000,994.6961567,1000.512074,1003.8567220000001,1020.301772,1055.429846,1074.2338630000002,1066.172022,1077.479077,1086.895438,1077.0964529999999,1073.1322380000001,1235.821076,1232.332626718213
bolas,1000,1024.765564,1051.96838,1046.1659140000002,1052.8289320000001,1051.0178039999998,1056.783564,1051.325706,1055.193341,1048.590967,1030.6834820000001,1019.3811210000001,1014.250594,1010.2103100403846
bringer,1000,1001.899428,1004.1495060000001,1012.6867960000001,1039.900195,1072.825529,1120.9015,1116.129938,1144.947144,1136.276302,1133.614785,1142.353491,1148.997085,1148.997085
carrier,1000,983.6601307,992.4428105000001,1010.2345019999999,1036.76377,1094.509066,1111.882226,1118.500573,1137.364174,1128.8125630000002,1119.326743,1135.784681,1112.494496,1112.494496
cartouche,1000,1014.2857140000001,1042.460317,1037.496221,1058.2461449999998,1137.637512,1168.576115,1180.960481,1216.0876130000001,1224.363765,1211.271665,1205.5042119999998,1215.7684689999999,1215.7684689999999
cat,1000,998.803676,1005.331492,1007.0933259999999,1026.238452,1059.244698,1074.732006,1082.5651970000001,1091.420605,1090.84212,1083.292134,1082.128602,1085.8399470000002,1085.6948054668826
centaur,1000,993.2818302000001,998.0149417000001,1007.948944,1033.996553,1091.774648,1119.949926,1118.908628,1131.76278,1132.31951,1123.49107,1121.785134,1130.536175,1132.5549895982142
cephalid,1000,1008.0677919999999,1016.9098859999999,1031.332531,1060.839041,1108.824341,1123.782837,1121.510964,1132.497745,1118.111795,1122.16189,1139.5213449999999,1138.906961,1138.906961
chandra,1000,997.5885843,1015.4312689999999,1019.2537689999999,1031.044097,1059.958979,1085.592114,1078.263909,1060.709012,1051.4074,1067.001438,1040.1703929999999,1031.530655,1030.3193051345559
chimera,1000,1007.8358109999999,1018.90091,1019.114418,1047.492426,1085.33509,1118.133383,1117.960482,1141.79197,1137.278959,1138.837999,1141.644275,1156.708429,1156.708429
citizen,1000,992.7182239,943.5772576999999,930.1091142000001,951.8703029999999,1023.6709400000001,1037.5468210000001,1050.579732,1066.7140570000001,1072.909825,1065.204945,1068.898472,1070.542932,1059.964087148311
cleric,1000,1009.2419789999999,1019.8728369999999,1018.044798,1035.2721210000002,1085.712961,1105.306626,1106.979766,1124.159504,1114.383885,1114.013144,1107.777681,1125.972814,1124.5644677661037
clue,1000,1001.2853550000001,1011.190884,1008.6752849999999,1021.899849,1053.992991,1084.068415,1065.052459,1088.1065210000002,1109.184642,1077.06812,1094.532222,1101.365448,1101.365448
cockatrice,1000,997.3373935000001,996.0690134,993.3527979,1009.67892,1018.3408599999999,1049.999596,1048.917575,1072.219205,1039.2148960000002,1037.148999,1044.5658210000001,1043.351822,1043.351822
construct,1000,999.2217598,1009.457944,1008.908961,1017.1834439999999,1011.042754,1020.6787720000001,1007.942735,1006.978292,1004.913294,988.1730220000001,979.6587517999999,984.144992,984.6389538097835
contraption,1000,1000.21796,1062.145731,1058.294133,1095.927435,1161.216066,1465.2552210000001,1487.478315,1527.134198,1533.927678,1519.336489,1497.222301,1490.742519,1492.028268413072
coward,1000,970.6408879,989.1292857999999,988.4869941,1020.839067,965.3737799,949.0215302000001,961.4349738,960.9300184,960.4100346000001,938.5884732999999,938.5884732999999,944.1753095,944.1753095
crab,1000,980.7412177000001,988.4078056,1002.9412550000001,1028.399641,1098.504363,1105.384225,1123.74175,1139.770493,1137.801609,1128.991489,1140.999992,1132.377717,1132.377717
crocodile,1000,997.6689977,1002.804165,1012.6754789999999,1029.0046519999999,1065.7423119999999,1107.490925,1112.063661,1124.6265349999999,1114.231444,1105.410889,1114.065228,1111.75512,1105.8099054545455
curse,1000,1001.9520960000001,1003.0283039999999,997.5160933,1016.253715,1019.8823390000001,1036.519044,1040.895603,1036.948881,1045.408211,1034.3922539999999,1044.355084,1038.737383,1038.737383
cyclops,1000,996.8915344000001,1003.1101189999999,1012.275964,1025.761207,1068.3323300000002,1094.6808720000001,1099.589011,1123.790736,1122.777831,1103.574963,1104.030291,1105.33283,1107.7568055043862
dauthi,1000,996.2121212000001,1002.141955,988.0595019,1021.982352,1037.5418220000001,1051.2015880000001,1065.977155,1069.866978,1059.683259,1050.6660470000002,1057.702692,1066.68951,1066.68951
demon,1000,998.5573532999999,999.7928427,1005.579015,1023.3858970000001,1042.9471230000001,1070.029527,1063.038565,1071.7402550000002,1062.209282,1052.457437,1053.236518,1059.756194,1059.756194
desert,1000,1004.537056,1014.6554199999999,1007.3737050000001,1029.027286,1092.509039,1105.380797,1119.566327,1132.234553,1228.415897,1463.66776,1457.579109,1457.377086,1457.377086
devil,1000,1002.330875,1002.6752019999999,1019.6401210000001,1050.560651,1092.571674,1123.691741,1135.4934,1143.871833,1142.199516,1131.337141,1132.550541,1139.687323,1138.3590160967367
dinosaur,1000,1002.021385,1018.4000060000001,1022.4257369999999,1049.690048,1100.059373,1094.334918,1108.203591,1124.139269,1121.633316,1096.477782,1089.146906,1102.494216,1106.3377052997412
djinn,1000,996.1038191,1000.802508,1000.8676740000001,1018.565485,1023.8749130000001,1037.380269,1038.814194,1050.1689279999998,1048.656485,1043.809997,1046.038608,1047.36428,1049.7043201517467
dragon,1000,998.4560854,1002.1873699999999,1010.7850960000001,1027.263495,1049.171629,1061.420151,1062.613665,1073.163188,1068.5399,1062.184561,1062.984672,1067.048942,1065.8081057236607
drake,1000,997.1828355,1000.6460810000001,1006.63634,1021.550342,1060.7636949999999,1088.0036890000001,1099.974667,1110.933334,1110.803589,1098.287787,1097.343233,1099.519755,1099.9805061354284
drone,1000,994.5054945,1017.0446800000001,1026.591116,1040.480619,1051.152215,1113.63209,1107.998141,1137.6101119999998,1160.2593630000001,1133.644565,1138.4892,1131.367203,1131.367203
druid,1000,1008.8886570000001,1011.0621679999999,1012.356481,1023.848974,1039.043819,1059.900799,1073.928095,1087.792789,1088.425276,1084.430075,1080.040466,1085.701205,1087.5812070865802
dryad,1000,1004.984907,1004.191449,1003.300425,1022.072108,1064.690819,1097.52599,1105.014767,1110.089494,1100.84655,1097.636777,1091.5896300000002,1119.631735,1117.3040182952182
dwarf,1000,999.512987,1007.077861,1011.60688,1026.824776,1055.5296050000002,1086.950896,1082.473645,1096.169955,1081.688957,1086.125078,1101.0084769999999,1102.4898369999999,1102.4898369999999
efreet,1000,999.1199550000001,999.2384304999999,995.3982116000001,1005.7958,1016.96316,1016.0254189999999,1022.5607060000001,1031.499056,1031.133072,1025.489981,1028.244135,1022.583624,1025.57549174593
egg,1000,998.6115603000001,1003.2879230000001,1007.9884310000001,1028.522339,1055.1636019999999,1058.935687,1064.1995060000002,1071.298596,1069.04006,1073.840177,1084.3305480000001,1090.149044,1090.149044
elder,1000,1008.1188369999999,1014.0937460000001,1000.185927,1009.0750859999999,1049.782387,1066.801263,1068.147356,1079.646611,1076.924652,1066.209694,1051.78708,1054.144176,1054.144176
eldrazi,1000,997.4915361999999,1011.689984,1006.7665300000001,1018.5413130000001,1048.385323,1072.633317,1078.354771,1100.463814,1141.730288,1138.636692,1155.46523,1185.772816,1186.4494516345455
elemental,1000,999.6041379000001,1006.318012,1009.76595,1025.1863859999999,1048.214734,1057.745918,1067.306335,1079.335357,1087.117988,1117.916509,1129.713122,1146.489253,1148.228226664951
elephant,1000,998.1055035,1019.376504,1018.0172380000001,1041.5765800000001,1045.313976,1054.081941,1069.723498,1069.595533,1174.701636,1171.338295,1173.127899,1158.7833660000001,1158.0586734634148
elf,1000,998.3770855,1000.375059,1002.0122150000001,1015.5459460000001,1044.605635,1053.685536,1060.445572,1067.089649,1064.605349,1063.394642,1060.184221,1063.127874,1063.1659499507657
elk,1000,991.4945303,997.2383030999999,1000.136648,1017.1130880000001,1054.133278,1055.1081800000002,1060.0399320000001,1076.5487560000001,1063.604867,1046.445607,1049.917462,1048.349874,1048.349874
equipment,1000,1022.2584630000001,1027.569517,1029.5551369999998,1050.4990460000001,1079.966799,1104.4790070000001,1104.8256,1116.734019,1169.639913,1164.066684,1168.493883,1177.4860019999999,1177.3876045972083
eye,1000,1000.0860210000001,1006.4739810000001,1013.0176720000001,1032.063612,1066.7187800000002,1077.0982609999999,1087.10921,1106.11023,1102.576202,1097.121141,1103.232189,1109.644575,1110.1695315180284
faerie,1000,996.2266286,1000.603681,1009.8203,1020.017321,1054.480392,1067.57276,1070.8145650000001,1078.52885,1077.560602,1069.287766,1071.287278,1211.7788970000001,1211.2822663045083
fish,1000,1000.131093,998.6137194,1000.009235,1011.9263460000001,1047.0189970000001,1074.100948,1070.603591,1074.600041,1071.847385,1075.227922,1077.7502550000002,1076.7372699999999,1076.7372699999999
forest,1000,1002.311845,1005.6319060000001,1008.349467,1025.047965,1043.809674,1059.816575,1060.377447,1070.136958,1078.808464,1088.483796,1091.150648,1091.9991109999999,1091.732652974921
fox,1000,995.9523810000001,994.08029,997.8672625,1017.9501759999999,1060.94768,1101.970533,1092.13151,1105.473745,1112.2732859999999,1112.2732859999999,1122.866365,1113.116814,1113.116814
frog,1000,997.7686863,985.9240576,1007.438199,1013.9957880000001,1021.8933199999999,1036.957918,1043.189108,1051.569651,1049.569726,1043.12781,1037.7121650000001,1043.6004580000001,1043.6004580000001
fungus,1000,1010.0139640000001,1005.219232,998.2441437000001,1005.390659,1024.229118,1033.57708,1048.345082,1037.205246,1034.720791,1038.83113,1053.778983,1048.537088,1047.5384812495238
gargoyle,1000,995.2013767999999,1008.7634609999999,1017.257567,1042.456318,1059.0903289999999,1086.661975,1089.75119,1118.7620949999998,1101.9195550000002,1113.584108,1116.627326,1111.795081,1111.795081
gate,1000,992.9461837000001,998.9874563,1001.7155220000001,1024.59647,1052.798908,1081.054267,1084.483644,1093.35762,1101.084079,1090.558866,1097.4662,1104.3795220000002,1105.031677113727
germ,1000,999.5293045,1006.498272,1006.836982,1027.120225,1057.376447,1086.1982679999999,1089.768402,1100.8580650000001,1103.731107,1095.684731,1107.5907710000001,1115.228177,1115.228177
giant,1000,994.4438056,999.6178472999999,1005.755007,1029.0262480000001,1064.19253,1087.312436,1095.224032,1108.004613,1102.750997,1096.656958,1105.990213,1107.633902,1108.358295381286
gideon,1000,998.0144447,987.6839719000001,955.1473912,969.7369469,1002.307675,1001.482819,1013.4943720000001,1033.073866,1012.753365,1012.0012449999999,1010.9381599999999,1004.380165,1012.2668648072928
gnome,1000,986.4997055,985.3700767000001,992.7511437999999,1011.4621070000001,1041.248542,1057.649161,1078.4099410000001,1095.675829,1090.666625,1096.706978,1086.9185539999999,1087.430675,1087.430675
goat,1000,1002.9212449999999,1011.460516,1024.794533,1031.6277460000001,983.6952255000001,974.7913525,987.7397619999999,1001.390677,994.5401704,972.8594981000001,975.2501827,981.1105497000001,981.1105497000001
goblin,1000,996.7793962999999,999.8501302000001,1006.279783,1027.8354359999998,1054.577774,1067.2725,1080.840385,1100.87658,1101.301288,1100.503325,1103.038872,1109.903961,1109.946819363713
god,1000,1009.9839460000001,1036.910631,1029.7492359999999,1033.745983,1036.439474,1048.3555900000001,1038.163451,1033.646669,1034.533458,1023.8210050000001,1012.29645,998.9447941,986.9123470727908
golem,1000,1004.361123,1004.124899,1005.002331,1026.9726039999998,1038.97275,1071.312977,1082.414967,1091.8586699999998,1087.2040029999998,1067.220626,1069.933535,1063.460944,1062.7643438556863
gorgon,1000,999.4235837000001,1011.480583,1006.0540050000001,1039.502144,1083.769762,1115.389544,1107.478582,1123.2603390000002,1116.074215,1087.407907,1095.583027,1131.836738,1131.836738
gremlin,1000,1018.393393,1024.927919,1077.647379,1100.538581,1156.506142,1228.017399,1237.320561,1236.286876,1252.6830320000001,1217.818845,1230.908927,1217.86428,1217.86428
griffin,1000,1000.11376,1001.4832640000001,1002.764857,1125.990641,1163.2770449999998,1195.149463,1201.249174,1221.682251,1219.09612,1207.331411,1189.873797,1189.089408,1192.4771271111113
hag,1000,997.6287655,994.0860656,1000.159492,1011.3902300000001,1039.4627890000002,1072.003516,1071.05013,1075.153307,1068.415225,1060.0310539999998,1073.167217,1085.657198,1082.109298660131
harpy,1000,1002.9239769999999,1011.957409,1023.5042480000001,1054.8755039999999,1111.5921050000002,1152.656599,1151.2317460000002,1173.810618,1200.277275,1177.831477,1173.041458,1189.80594,1189.80594
hellion,1000,1006.208358,1000.9719279999999,997.3211852,1029.720833,1090.531252,1131.367038,1132.590702,1137.937903,1141.022641,1124.511449,1120.9352789999998,1146.015384,1146.015384
hippo,1000,999.2767355000001,994.9739562000001,1002.77205,1024.060991,1051.476105,1084.040806,1087.944667,1087.318059,1071.440599,1069.269373,1080.347382,1088.367861,1085.849948076923
homarid,1000,1011.1491990000001,1012.243517,1009.097461,1041.812185,1115.534627,1141.828169,1161.461335,1175.894278,1185.603797,1156.240793,1159.96752,1152.685661,1152.685661
homunculus,1000,998.3188247000002,1001.141452,1004.5348720000001,1024.7538960000002,1054.671382,1086.086055,1099.7028,1127.50469,1130.9213710000001,1134.567145,1128.966919,1144.361922,1144.361922
horror,1000,995.1201836000001,996.3176212000001,993.7081617999999,1012.233165,1052.422601,1070.7132390000002,1080.149179,1088.5928800000002,1093.133366,1081.045835,1093.37502,1102.6049970000001,1102.6049970000001
horse,1000,1151.790267,1358.406784,1353.435875,1368.909558,2034.428946,2289.185516,4124.847067000001,4044.5845270000004,4985.819074,5117.541265,5019.609842,6501.670676,6501.670676
hound,1000,1002.147423,1004.6845529999999,1001.7845039999999,1025.201752,1062.198956,1107.025051,1101.5959269999998,1132.967818,1127.849559,1127.110444,1122.860114,1124.807667,1124.807667
huatli,1000,1000.0,1000.8529070000001,969.1921973,972.8143039999999,1038.425429,1043.768199,1102.9678529999999,1140.8714300000001,1140.800522,1089.958266,1063.5635630000002,1082.70515,1064.2007347090907
human,1000,998.8240490000001,1005.210433,1004.0276660000001,1033.096945,1061.0001539999998,1087.860819,1081.539544,1093.666391,1097.579358,1088.717783,1086.884022,1091.477858,1091.1742224314942
hydra,1000,1007.340807,1008.3980310000001,1005.563186,1024.132758,1052.859881,1066.481448,1060.022309,1081.2278529999999,1081.7600810000001,1095.525009,1128.273945,1300.196441,1300.196441
illusion,1000,993.2192287999999,1002.101808,1003.2899630000001,1016.4934289999999,1039.499578,1015.975416,1025.178588,1020.4364619999999,1026.035279,1018.198716,1014.311097,1014.2633119999999,1012.1648361820689
imp,1000,999.8982777999998,1018.109459,1034.357765,1067.222964,1106.463843,1132.045832,1135.884799,1138.6400230000002,1141.979408,1137.678629,1134.488934,1141.4197609999999,1141.4197609999999
incarnation,1000,1091.161834,1072.498151,1074.315542,1117.848048,1123.02327,1131.4701810000001,1115.183282,1146.327476,1137.932435,1133.352418,1160.7382929999999,1151.060661,1151.060661
insect,1000,1025.544613,1027.2722449999999,1033.9519890000001,1047.721309,1073.808546,1089.352263,1091.16694,1097.970503,1095.015052,1095.230608,1091.4126199999998,1098.672769,1099.7681556091727
ir,1000,1003.944808,1008.5581990000001,1012.42425,1030.468854,1059.469773,1079.9738,1084.937056,1096.2046710000002,1095.749313,1091.5115449999998,1093.528339,1098.885351,1098.6666994623442
island,1000,1005.9156619999999,1006.465666,1013.880104,1026.824032,1091.414341,1123.7925369999998,1207.9799150000001,1221.7027289999999,1218.027844,1214.392883,1220.489035,1231.98198,1231.0135058042808
jace,1000,998.2563507000001,980.569661,951.5332009,967.7088433,1013.662991,1019.5767720000001,1047.751919,1057.467909,1054.501663,1043.977357,1040.611973,1037.9829300000001,1031.3596103514287
jackal,1000,988.3380216,994.5965924000001,982.9929655,996.2440962000002,1052.093622,1054.750424,1071.376157,1072.891235,1068.652652,1052.270191,1070.3647839999999,1080.168461,1080.168461
jaya,1000,1000.0,978.2127595000001,976.4783397,978.1910676000001,981.5875643999999,1012.410362,1020.872759,1019.2498099999999,1017.4231970000001,1012.0473199999999,1015.6361400000001,1019.1626550000001,1025.9570727
juggernaut,1000,996.3927679,1004.965251,1013.0363800000001,1032.669065,1062.7174890000001,1094.873121,1096.668691,1099.266306,1099.699574,1090.21101,1090.908416,1100.85995,1100.85995
karn,1000,1016.9877759999999,1006.81419,1011.9333710000001,1026.534938,1031.2983570000001,1035.8180300000001,1054.356099,1056.757181,1044.4853779999999,1040.070263,1036.832506,1037.8775679999999,1037.8775679999999
kavu,1000,999.960511,1010.573127,1011.6267119999999,1029.967744,1067.469637,1099.0942289999998,1090.5166359999998,1101.85005,1085.103427,1099.057843,1103.02195,1101.421002,1101.421002
kaya,1000,997.4056035,962.2776781,931.7856406999999,913.4036732000001,918.5302162999999,887.7504550000001,866.7287441,846.3197955,838.7438426,815.8989162,803.6481817000001,797.7054208,800.3644388693333
kithkin,1000,998.3061203,1003.853261,1016.5363869999999,1029.691537,1067.721986,1082.485165,1099.7321439999998,1092.425042,1088.09366,1092.592586,1089.600296,1094.766674,1094.766674
knight,1000,998.7837857999999,1003.096141,1000.2160439999999,1020.679715,1051.193847,1072.4013,1081.866821,1094.716195,1086.961055,1086.199055,1080.7518519999999,1079.058216,1079.8433714374041
kobold,1000,996.0287946000001,1011.921795,1009.7583189999999,1008.5066039999999,1001.317796,997.4930147,995.6823217,1006.786096,1003.7614689999999,991.3282310000001,979.5304714,991.3487433,991.3487433
kor,1000,1000.3239789999999,1011.5796130000001,1020.3133449999999,1055.139508,1088.7196880000001,1101.480256,1122.604647,1118.549476,1122.3613,1115.884611,1118.043441,1125.023545,1123.7346129641924
kraken,1000,1000.902892,1003.6922470000001,1131.026247,1157.269304,1159.662309,1156.413806,1147.788393,1170.591715,1154.580129,1156.42648,1143.93045,1153.096189,1153.6921043431526
lair,1000,1000.8417509999999,999.8386247999999,1023.584032,1069.709428,1145.853626,1131.3657230000001,1109.187832,1114.1696,1094.269205,1108.232536,1100.3227869999998,1047.925006,1047.925006
leech,1000,994.0329941,1005.649286,997.4919802999999,1025.912931,1042.786298,1068.64875,1080.448581,1068.635845,1055.331095,1059.429212,1058.935698,1063.224511,1063.224511
leviathan,1000,1016.315918,1044.655064,1080.8161189999998,1084.697412,1115.159353,1103.655636,1099.639141,1121.469564,1123.156976,1122.482058,1113.0439999999999,1122.389296,1123.2593652217056
lhurgoyf,1000,988.289734,986.2682384999999,874.1144718,883.0237437999999,837.5322506,847.0901074999999,849.8621062000001,883.0598447000001,890.9275322000001,867.6769300000001,879.3140864,848.0609222999999,924.8250575081895
licid,1000,999.6507629,986.1049649,981.1663245,1008.010525,1038.457615,1050.8799490000001,1062.32419,1067.660819,1068.748251,1058.060769,1050.755111,1048.287231,1048.287231
liliana,1000,1002.2582470000001,1006.396809,999.8826787,1024.413683,1051.433241,1058.685293,1067.632724,1082.744676,1089.162337,1084.408159,1076.66001,1077.537337,1077.537337
lizard,1000,1018.1441140000001,1008.7697390000001,1032.7117,1041.456993,1075.175203,1091.887698,1101.4827480000001,1108.377984,1109.436038,1111.48939,1125.6452789999998,1126.440623,1126.440623
locus,1000,1006.3329380000001,1011.6140140000001,1015.707245,1010.7465480000001,1025.659851,1034.075022,1043.614445,1049.430316,1025.418473,1146.562822,1156.2853,1178.031042,1181.8278207325468
manticore,1000,999.6480856000001,1000.751808,1015.02324,1047.542301,1078.704426,1132.388592,1144.4326369999999,1151.6563,1159.514486,1164.324476,1162.286645,1171.515933,1171.515933
masticore,1000,1005.0827210000001,1005.3755769999999,1011.3777699999999,1019.9681710000001,1044.489608,1034.981418,1032.191841,1028.974356,1021.162416,1003.641266,992.5764159,1011.014621,1011.014621
mercenary,1000,990.5970886,994.0547429,992.9010748,1027.249507,1070.8167740000001,1101.50078,1110.6166859999998,1118.934181,1105.983583,1106.5061269999999,1104.595221,1104.3381259999999,1104.3381259999999
merfolk,1000,994.8246611999999,1001.660557,1002.0783949999999,1012.660992,1035.011861,1040.303704,1052.576128,1051.447055,1054.480667,1044.020965,1047.702517,1053.097709,1053.843485286359
metathran,1000,972.9710144999999,991.6734322000001,997.3401375,1021.0143730000001,1080.527553,1123.076509,1135.5551369999998,1135.5551369999998,1133.064885,1140.384425,1140.384425,1133.8107810000001,1133.8107810000001
mine,1000,1008.36456,1001.9025029999999,1003.2846689999999,1020.491255,1025.084655,1032.507789,1033.07505,1034.759427,1037.262827,1033.655262,1030.523415,1029.479067,1030.2179275744018
minion,1000,1000.539524,985.6631392999999,988.2010195,994.9252460000001,1021.419843,1044.83403,1053.087714,1065.2292320000001,1063.1899529999998,1068.191533,1059.41326,1071.2051900000001,1071.2051900000001
minotaur,1000,1007.468902,1012.797108,1016.4235070000001,1034.591609,1049.286507,1067.231679,1070.5786779999999,1096.359156,1083.139092,1071.202188,1073.4762130000001,1074.0986480000001,1074.0986480000001
monger,1000,989.2361110999999,990.0594913999998,983.506748,1000.2669070000001,1028.232242,1065.417181,1069.802885,1075.374775,1074.0169779999999,1069.674042,1064.325671,1066.912574,1066.912574
monk,1000,998.8668838,1005.353399,1010.2251259999999,1034.872466,1067.457833,1089.350543,1092.408778,1103.996287,1098.824648,1113.583997,1120.847777,1120.72814,1120.72814
mountain,1000,1004.7107199999999,1004.968176,1013.759274,1029.897117,1048.674774,1068.469409,1072.630127,1087.197292,1084.06664,1083.1450029999999,1082.389604,1082.641815,1082.334831930149
mutant,1000,1006.010971,994.6524272,1013.3091539999999,1023.933709,1037.412915,1056.4685869999998,1073.3461109999998,1070.193706,1068.774749,1084.0979710000001,1057.918807,1070.995361,1070.995361
myr,1000,1000.526086,1001.614049,1002.156732,1015.180401,1034.106575,1039.497452,1042.93333,1060.726752,1067.233137,1067.3778949999999,1064.810285,1069.761375,1069.761375
mystic,1000,998.2777231000001,1007.765767,1017.363176,1038.234941,1054.965851,1073.638516,1087.562227,1090.6945779999999,1083.71576,1076.6698939999999,1051.588234,1069.794071,1069.2782590081968
naga,1000,993.3510638,1030.937432,1006.3388539999999,1026.73199,1115.888873,1060.7791109999998,1064.071135,1063.10533,1062.8900800000001,1037.297125,1022.8903130000001,1019.430936,1019.430936
nahiri,1000,1000.2861230000001,1005.4906189999999,1014.401219,1022.3399800000001,1016.8163480000001,1025.289818,1019.173839,1020.1210050000001,1031.50433,1020.718424,1024.173607,1025.732408,1025.732408
nephilim,1000,984.6696572999999,990.3307892000001,986.451264,995.2839646,1010.768701,1019.762167,1019.260788,1024.75753,1013.839873,1018.9350519999999,1013.327083,1013.519653,1013.519653
nightmare,1000,979.3315202,983.4151075,990.3465581,998.8062036,1026.926566,1059.038104,1042.3704599999999,1055.739553,1060.0270050000001,1055.0525910000001,1053.387126,1061.554364,1061.554364
nightstalker,1000,1015.639541,990.3452967000001,1006.464413,1018.058524,1014.04809,1039.520561,1047.216185,1049.744675,1033.889398,1043.5495720000001,1034.060841,1045.462127,1045.462127
ninja,1000,998.3127967,1033.403125,1102.603234,1326.177011,1580.489137,1420.187101,1433.649678,1454.0996380000001,1472.196698,1451.245934,1443.376815,1462.904204,1460.013088972332
nissa,1000,1009.8824609999999,994.6834613,995.7497784,1028.390895,1077.657197,1085.86286,1083.265944,1096.96009,1094.279434,1096.6850630000001,1098.6076890000002,1121.7535970000001,1118.708112121267
nixilis,1000,1000.986637,1002.301601,1005.914893,1011.137475,1013.6576449999999,1018.7401619999999,1017.7541880000001,1041.370761,1048.986643,1040.832181,1037.085224,1090.486119,1093.0588870596562
noggle,1000,1000.0,1010.416667,1017.738527,1040.226436,1077.058551,1104.732972,1124.33141,1124.33141,1124.33141,1134.741886,1134.741886,1115.638487,1115.638487
nomad,1000,1008.876687,1004.7675539999999,1001.891833,1020.749835,1035.2582810000001,1045.5124779999999,1043.651043,1053.231875,1072.212758,1066.9329599999999,1072.013593,1079.336979,1079.336979
octopus,1000,1003.724536,1010.6843640000001,1025.539203,1061.2815890000002,1077.989316,1075.7624289999999,1084.721676,1089.779507,1094.856569,1100.7287019999999,1085.5240039999999,1100.321114,1101.7833347495016
ogre,1000,997.1944543999999,1003.600867,1009.6248929999999,1023.5893869999999,1061.410464,1088.011338,1093.431842,1103.4110130000001,1098.4507130000002,1105.9049289999998,1097.427025,1110.373636,1113.0216468600463
ooze,1000,999.1744922,1000.627761,1006.462187,1026.218343,1050.333962,1072.646138,1088.551073,1095.3192490000001,1089.737051,1074.356375,1073.394661,1086.630621,1085.4041455107104
orb,1000,1002.5920070000001,1007.605231,1006.5431390000001,1055.746474,1085.013276,1131.55318,1154.968351,1173.601545,1191.2519730000001,1180.818006,1169.374224,1183.268928,1183.268928
orc,1000,1002.1905029999999,1006.137884,1011.0702689999999,1029.571697,1058.691375,1075.945152,1082.4777689999999,1117.405577,1117.937799,1114.5275789999998,1117.7052,1122.350698,1121.9684321120421
orgg,1000,980.7707373,988.9047211000001,987.0029812000001,1020.9775210000001,1047.102869,1075.301165,1058.7580699999999,1048.020986,1041.931134,1060.708484,1060.708484,1071.5875449999999,1071.5875449999999
ox,1000,990.1011215,1003.358364,1012.6145029999999,1029.1586300000001,1058.018446,1074.436306,1073.373671,1094.8946310000001,1086.0805300000002,1076.429635,1072.555549,1075.929494,1075.129527717344
pegasus,1000,1004.4792269999999,1012.0549990000001,998.1198297000001,1044.323501,1069.524182,1083.632239,1094.642347,1103.754917,1104.976676,1100.36399,1095.278766,1481.409209,1487.2878169722221
pentavite,1000,1005.050505,985.0862002999999,1000.438857,1041.027714,1080.5137320000001,1105.712526,1086.163329,1082.597641,1067.803903,1067.803903,1072.61383,1102.642393,1102.642393
pest,1000,1003.7646990000001,1005.6709199999999,1004.536193,1011.816078,1022.840041,1042.779815,1048.188057,1055.005406,1063.8402529999998,1062.104135,1062.597841,1061.928667,1061.928667
phoenix,1000,1000.953678,993.150536,992.4129816,1019.6239439999999,1047.9940900000001,1064.56317,1081.173509,1088.031178,1092.38731,1068.0599630000002,1073.925151,1070.118462,1068.5140864947525
phyrexia,1000,998.3101203,992.7263419,996.8714226,1023.995522,1057.836926,1078.228763,1083.87114,1099.434119,1100.336708,1099.298438,1098.394414,1102.660871,1102.565187134068
pirate,1000,1017.956705,1010.662098,1019.102266,1034.2821789999998,1088.060366,1100.034875,1102.753311,1115.201183,1123.094306,1107.47045,1103.5717550000002,1118.41896,1123.4697687007692
plains,1000,1003.4140070000001,1005.374343,1010.790117,1026.5971849999999,1041.047683,1053.533931,1059.312937,1065.789468,1058.1130970000002,1057.530458,1061.370886,1063.1507609999999,1061.7757474646548
plant,1000,1006.1588449999999,1004.2934529999999,1001.8519660000001,1013.2487160000001,1015.7807039999999,1020.6292960000001,1022.565177,1031.289784,1035.194295,1034.585699,1029.6980640000002,1032.271825,1031.6080298181905
power-plant,1000,1011.575149,1004.686685,998.7717069,1011.63994,1010.4944429999999,1012.488669,1008.12014,1018.9355929999999,1021.7197460000001,1023.158825,1014.1631050000001,1010.7285,1010.7285
prism,1000,1000.7720699999999,997.1455854000001,1011.257943,1038.275375,1076.247011,1086.88657,1124.13962,1140.0276039999999,1146.528951,1130.130445,1152.8880960000001,1168.954354,1169.641974208235
ral,1000,999.8923904999999,1007.279868,1014.1596900000001,1030.9350029999998,1182.5737390000002,1252.177524,1270.672376,1375.702485,1395.656839,1415.6909970000002,1425.197045,1424.297158,1423.0912155866079
rat,1000,1017.4596550000001,1020.095794,1023.3028439999999,1048.025109,1071.245263,1097.390819,1103.3370539999999,1114.153266,1113.7937550000001,1109.277949,1109.640672,1110.399416,1109.9094203491993
rath,1000,1084.80224,1088.891216,1087.796692,1126.934875,1138.472341,1207.9471429999999,1215.813226,1230.049424,1235.507009,1227.3633710000001,1222.790868,1223.279209,1219.6546076559503
rebel,1000,987.3652053,994.9672114,998.7074958999999,1032.059052,1068.2461859999999,1095.272567,1097.466885,1099.920062,1102.887061,1097.548066,1102.221865,1113.347209,1113.347209
reflection,1000,981.1952026,980.3664904999999,990.2514771,1030.136606,1068.671255,1091.669919,1094.6788279999998,1109.013908,1114.558978,1124.053871,1125.838084,1135.610396,1135.610396
rhino,1000,987.5011245999999,989.2370478,1000.8436039999999,1007.803881,1041.96493,1017.530953,992.1189238,995.3134917000001,1171.5624460000001,1155.6293779999999,1113.748663,1087.583336,1087.583336
rigger,1000,1007.0553800000001,1008.074792,1006.9295779999999,1017.0729859999999,1046.0554619999998,1053.5651369999998,1060.759816,1078.933245,1074.45397,1059.109137,1055.256967,1062.503962,1061.646412393866
rogue,1000,996.419366,1015.736881,1012.7842410000001,1018.039925,1025.27989,1032.385333,1046.578135,1053.108668,1124.1544720000002,1116.439392,1122.913484,1143.139835,1144.88242621189
saga,1000,993.7104124,989.8073517000001,994.5024798000001,999.4223774000001,1107.8600789999998,1119.197819,1125.993876,1127.556417,1125.789107,1111.223061,1114.570257,1123.217895,1123.217895
samurai,1000,988.6746732,990.2785339,989.5909489000001,995.9096516000001,1011.758464,1023.365624,1017.234455,1024.369331,1029.319332,1034.526193,1035.351058,1045.053926,1045.053926
sand,1000,1007.152836,1004.492277,1005.637326,1036.44873,1065.254592,1076.976653,1084.930502,1098.5979300000001,1103.4144880000001,1096.775504,1097.901063,1186.020205,1186.020205
saproling,1000,997.8096517999999,1000.345787,1005.575783,1016.179343,1038.686308,1051.810143,1059.897097,1068.4354529999998,1066.277577,1068.652719,1068.723306,1072.035234,1072.035234
sarkhan,1000,994.6393854,994.5511483999999,991.4099141,960.4981324999999,1010.2203529999999,1012.7809560000001,1029.306341,1051.592349,1075.124224,1070.252089,1079.933486,1085.424067,1085.424067
satyr,1000,1003.586591,999.4723257000002,991.1935589,1017.9753630000001,1057.858008,1104.106723,1105.061568,1127.435,1119.162253,1119.4159650000001,1125.465631,1143.858102,1143.858102
scarecrow,1000,1012.969312,1010.203015,1016.54881,1340.58582,1340.835574,1329.583762,1340.171824,1325.537315,1321.684139,1312.5555669999999,1332.306297,1325.594476,1325.594476
scion,1000,989.7732118999999,1004.5608199999999,1006.1346990000001,1019.486664,1054.231401,1077.163454,1073.122356,1084.603765,1114.927,1096.667215,1108.0791789999998,1114.101844,1114.101844
scorpion,1000,1007.575758,991.0632297000001,1002.7391980000001,1026.288376,1072.1087400000001,1097.7755949999998,1093.362039,1101.719573,1098.5641660000001,1111.4350220000001,1101.747874,1101.420557,1101.420557
scout,1000,1003.590699,1010.7123359999999,1006.5519,1027.173675,1076.343642,1093.19733,1108.934441,1129.084203,1120.334856,1120.610449,1123.352458,1126.478364,1126.478364
serf,1000,1007.841724,1005.4810130000001,1005.4810130000001,1028.6230369999998,1082.324635,1101.491358,1103.5311570000001,1107.711199,1126.385258,1108.394382,1112.592846,1118.987057,1118.987057
serpent,1000,1004.895476,1010.9552859999999,1016.8895980000001,1041.1810369999998,1073.4717269999999,1095.908505,1102.417623,1112.240025,1117.561893,1113.506057,1105.180992,1123.879599,1124.1068749553085
servo,1000,1010.7080289999999,1023.6671550000001,1016.381557,1025.853175,1085.4792300000001,1104.630165,1109.9272970000002,1116.49395,1130.524289,1120.428044,1121.7344449999998,1137.054073,1136.4159955179573
shade,1000,1008.5640189999999,1014.583564,1021.0935460000001,1040.770774,1074.404289,1110.944865,1107.814501,1123.506925,1123.040786,1122.238265,1114.5663849999999,1121.656792,1121.656792
shaman,1000,997.2022602,998.0135137,1011.417529,1028.9322439999999,1061.312453,1085.02062,1098.773889,1105.101408,1105.4218449999998,1098.4621789999999,1087.690258,1091.9643640000002,1091.9643640000002
shapeshifter,1000,996.2711475,994.4602891000001,1004.613945,1019.110581,1026.012592,1007.472959,999.592108,1002.176325,994.3316116000001,987.8131741000001,993.8482698999999,995.7916644,994.8581097146249
shrine,1000,997.2646765000001,1006.9961390000001,1018.9411259999999,1041.620398,1069.1537970000002,1082.537582,1092.9281349999999,1107.8312939999998,1109.903698,1098.0652519999999,1103.5681,1104.4521619999998,1110.6941638382928
siren,1000,1000.0,974.5029300000001,996.3993642,1004.681434,1047.8603779999999,1060.8853869999998,1064.602643,1066.831649,1078.901609,1054.49207,1048.490896,1067.203622,1066.3142856483332
skeleton,1000,996.2381851,1009.438715,1022.194168,1036.066917,1065.258626,1077.455613,1080.996619,1090.453326,1084.748116,1083.001675,1084.3220800000001,1235.073887,1235.073887
slith,1000,998.345303,1006.562141,1016.483281,1029.741443,1058.489841,1074.222763,1081.03747,1092.114619,1095.1924589999999,1092.651305,1083.18311,1098.854516,1098.854516
sliver,1000,1003.0529140000001,1008.799362,1013.616155,1180.569197,1223.475416,1222.8986400000001,1275.421324,1295.76945,1307.855851,1307.47998,1301.744115,1297.952787,1297.952787
slug,1000,1016.2337660000001,1016.2337660000001,1007.396951,1035.354399,1046.858337,1074.774559,1062.130152,1068.325912,1075.693677,1085.047535,1085.047535,1079.5159199999998,1079.5159199999998
snake,1000,994.2933017000001,996.6270537,995.597434,1011.366775,1026.978026,1044.492449,1052.558988,1074.982902,1087.953491,1078.63249,1080.515379,1086.634371,1086.7671464607772
soldier,1000,998.0247142000001,1006.4976800000001,1006.588114,1023.118272,1048.486701,1062.7116429999999,1067.103608,1073.452106,1069.016208,1059.017407,1056.119606,1055.8085720000001,1055.7432318471842
soltari,1000,987.9972124,984.8607132999999,982.7739113,992.0222372000002,1011.860328,1011.878684,1037.595179,1053.38254,1025.133662,1027.386703,1022.851591,1020.603566,1020.603566
sorin,1000,998.4799094,1001.177756,989.9766020999999,1001.3389689999999,1016.063102,1024.296658,1022.014657,1021.58372,1014.920639,971.4535265000001,982.4363889,989.2399913999999,990.5779718921639
spawn,1000,998.6981867999999,1009.6046650000001,1023.927438,1027.956978,1048.376429,1069.657281,1082.374299,1121.629465,1150.4136640000002,1156.7677640000002,1172.74433,1208.53014,1208.53014
specter,1000,1006.896564,1010.028284,1022.208568,1033.887796,1041.0624619999999,1048.880627,1055.093939,1066.376749,1069.575382,1061.2746630000001,1068.444436,1076.236265,1075.7763349722222
sphinx,1000,993.1500988,991.3738089999999,1001.784152,1027.9369880000002,1073.077156,1101.546055,1100.862017,1112.210507,1114.6837150000001,1108.1710890000002,1103.154465,1109.770876,1106.8827279817826
spider,1000,1003.1655890000001,1009.877835,1013.1075880000001,1036.083601,1065.999788,1079.812369,1085.351062,1087.1126789999998,1086.588657,1078.077667,1081.651134,1084.755029,1084.755029
spike,1000,1001.0778210000001,1007.875765,1006.3182390000001,1024.9810539999999,1059.129658,1073.718368,1080.740323,1091.153108,1091.526885,1079.486531,1079.622047,1087.114434,1089.1276088777777
spirit,1000,999.4669882999999,1005.775391,1011.0437300000001,1028.616072,1063.52378,1082.836113,1085.162601,1100.091682,1098.2324609999998,1089.9012109999999,1085.3727609999999,1089.886968,1089.6056802895127
squid,1000,998.7856054,995.2780525000001,987.4413703,1013.664402,1023.1321800000001,1068.0474140000001,1072.1339070000001,1082.441583,1083.336717,1084.731571,1083.831374,1102.334001,1102.334001
squirrel,1000,999.9657388,1009.3983109999999,1010.9464820000001,1040.18089,1047.091173,1043.855726,1044.821923,1044.601579,1039.796525,1029.3675779999999,1024.506252,1013.9134140000001,1011.6831206439599
surrakar,1000,994.1176471000001,1000.142602,1000.142602,1005.143316,1042.762883,1078.76303,1086.550892,1113.821189,1105.0789869999999,1080.521677,1101.034254,1104.163809,1091.8953222333332
survivor,1000,1018.310801,1033.4003189999999,1033.639975,1047.653409,1076.3896029999999,1085.1233029999999,1085.836178,1099.322899,1091.110215,1100.4232,1089.106614,1090.231724,1090.231724
swamp,1000,1003.156986,1007.051556,1012.741532,1033.25074,1052.338081,1069.656025,1073.80004,1084.973447,1079.424978,1082.8441480000001,1083.860248,1083.817105,1083.2809978313153
teferi,1000,994.9389146999999,998.2860988,1065.3977810000001,1057.359116,1060.57905,1051.265295,1049.226402,1077.628432,1074.023053,1048.904507,1036.2068,1031.105969,1031.105969
tezzeret,1000,1002.0,1015.916667,1021.640141,1028.128764,1073.743981,1113.9560609999999,1087.290787,1093.583895,1108.655334,1048.3878300000001,1056.153666,1124.719832,1124.719832
thalakos,1000,1008.3026269999999,1008.525799,1008.698643,1033.061612,1063.5667859999999,1086.8087970000001,1109.401478,1125.0751710000002,1092.916349,1120.284284,1095.618702,1127.315304,1127.315304
thopter,1000,996.1589703,1003.138192,1014.026117,1043.837378,1114.200386,1128.71047,1164.327682,1171.0864390000002,1184.884883,1174.281078,1176.323435,1204.1378949999998,1204.1378949999998
thrull,1000,997.0795321,1005.7409050000001,1010.6714880000001,1042.2086880000002,1073.912607,1097.5939369999999,1109.7235269999999,1118.2156619999998,1115.620003,1113.768711,1113.25622,1120.044143,1120.044143
tower,1000,1006.0479730000001,1009.838943,1011.0189439999999,1034.786416,1051.3001570000001,1064.311974,1070.294393,1070.653063,1069.440601,1062.487947,1059.143651,1066.28552,1066.28552
trap,1000,998.5309411000001,1030.69015,1032.3381880000002,1080.609421,1122.550009,1291.5502199999999,1304.930202,1321.6869880000002,1326.148958,1320.427653,1307.703134,1310.428198,1310.3328309754856
treasure,1000,1005.4048369999999,1013.904475,1012.6560810000001,1026.809317,1077.469657,1084.0791570000001,1108.3184,1109.738016,1128.357051,1115.675843,1118.2269019999999,1126.444422,1119.5832384701166
treefolk,1000,1004.1893380000001,1007.670875,1020.7903279999999,1041.4086949999999,1073.052924,1089.1896390000002,1095.866592,1106.280194,1113.558928,1116.1630380000001,1114.484146,1112.5183710000001,1112.5183710000001
troll,1000,1001.955152,1005.98374,1010.4607570000001,1035.716185,1064.646756,1080.6626310000001,1085.317906,1113.623377,1112.507242,1108.1737859999998,1106.54056,1109.8847210000001,1109.9280248344064
turtle,1000,991.3043478,992.9732104000001,984.975182,1001.506234,1026.239084,1049.0443970000001,1041.551222,1058.478092,1027.8500119999999,1051.642836,1044.390127,1044.113834,1044.113834
ugin,1000,1012.7905189999999,1018.068289,1077.022935,1091.217478,1100.157504,1105.438402,1109.947336,1107.478408,1106.536458,1105.471681,1081.8175449999999,1075.522766,1080.90037983
unicorn,1000,994.1176471000001,1009.0412460000001,1022.1842210000001,1060.575697,1089.194406,1093.930034,1132.6319529999998,1152.184757,1141.9923529999999,1138.8411640000002,1116.460459,1604.339366,1604.339366
vampire,1000,996.0802891000001,1004.3549019999999,1014.3542130000001,1025.19915,1056.773721,1079.749207,1083.322528,1096.070227,1105.1475369999998,1097.796763,1107.61312,1119.559902,1118.3444707351784
vedalken,1000,1013.065927,1010.067072,1014.8747400000001,1026.431843,1059.623791,1113.113972,1128.693357,1131.683116,1141.48161,1140.304415,1149.260337,1121.834204,1121.834204
vehicle,1000,1005.513582,1009.15955,1009.0214710000001,1034.476175,1100.598165,1124.365229,1124.607813,1126.1717820000001,1148.860155,1135.604008,1137.613417,1155.124123,1154.5976800271703
viashino,1000,1003.1150650000001,1006.105049,1010.5740509999999,1026.350444,1073.3182199999999,1083.0073710000001,1088.52639,1108.994387,1105.797669,1096.418493,1101.486881,1105.794716,1105.794716
volver,1000,992.5925926000001,986.1887694000001,988.3515561,1071.755794,1126.60941,1201.8401470000001,1192.9294220000002,1242.717581,1186.506774,1180.422124,1193.380141,1231.0521210000002,1231.0521210000002
vraska,1000,986.7113683,984.8612853,986.1519606,1014.3625880000001,1083.891492,1085.953137,1080.38336,1079.996542,1105.9774830000001,1093.254362,1093.2960890000002,1092.698294,1092.698294
wall,1000,1002.133033,1003.1405199999999,1007.239518,1028.1987800000002,1047.460693,1061.986892,1060.5531429999999,1067.066299,1062.94592,1063.253496,1064.628216,1077.789471,1078.4931236740958
warrior,1000,1027.447509,1045.210105,1043.7193539999998,1061.704938,1107.466835,1123.515863,1308.393578,1317.196052,1316.943575,1321.31494,1314.5607710000002,1337.9363939999998,1337.5257776707583
weird,1000,995.4751131,983.6592807,983.6592807,1001.282016,1048.459797,1087.02915,1105.744742,1125.133183,1105.926727,1114.818867,1123.760873,1128.65239,1134.8537767582418
werewolf,1000,1009.412919,1021.065049,1021.484978,1055.599017,1082.941067,1117.220044,1150.595565,1166.686697,1193.1967220000001,1184.17159,1185.4156380000002,1203.934777,1203.934777
whale,1000,996.913907,1008.0948800000001,997.2417882000001,1034.358283,1063.846828,1113.9611,1101.6421779999998,1088.2756140000001,1109.183266,1089.2885390000001,1097.622356,1112.268331,1112.268331
wildfire,1000,1006.531992,990.5860179,987.5986737,1011.736044,1003.474905,1040.5797189999998,1042.277734,1071.149222,1074.445598,1049.6713869999999,1038.779566,1069.4303810000001,1091.2979934644598
will,1000,1004.578173,1007.390022,1006.086286,1025.709145,1045.604446,1063.795803,1059.62625,1083.864125,1069.399991,1065.70986,1065.294073,1078.0270679999999,1078.0270679999999
wizard,1000,993.0380696000001,1006.18343,1007.59378,1012.604293,1063.09286,1071.962528,1083.1887359999998,1090.590805,1086.1294599999999,1076.979289,1080.266833,1083.209116,1083.209116
wolf,1000,1001.393715,1012.14443,1014.4197730000001,1034.555054,1067.114574,1091.6705880000002,1104.603534,1118.533144,1120.722495,1106.568744,1113.147137,1138.603899,1138.8869031466002
worm,1000,999.3196893999999,1004.8129880000001,1007.3830449999999,1036.445329,1058.626019,1077.178835,1079.697675,1086.298342,1071.2580619999999,1069.062934,1070.7454460000001,1070.493433,1070.493433
wurm,1000,1005.4153570000001,1002.748141,1009.659481,1027.074001,1052.903392,1074.720779,1082.167878,1089.561513,1089.7153720000001,1083.249471,1078.133838,1088.187464,1088.7208892274512
yeti,1000,1012.205387,1017.0254130000001,1009.8113460000001,1022.332051,1030.851485,1069.584801,1069.438443,1076.576249,1077.589915,1095.780001,1081.462755,1106.289955,1106.289955
zendikar,1000,1006.603301,999.2591376,1013.506756,1030.5205019999999,1033.988193,1042.263209,1031.125506,1037.920694,1052.412141,1039.41285,1042.811081,1059.031119,1061.3576372754833
zombie,1000,1007.163072,1014.8935949999999,1018.948026,1037.084892,1074.34796,1097.863566,1115.234941,1123.664366,1121.645308,1116.10076,1107.6769630000001,1112.069784,1110.9893854871145
zubera,1000,1007.142857,1022.8001199999999,1022.195092,1029.496485,1058.151971,1065.3502839999999,1080.607718,1087.039906,1079.9812060000002,1072.968341,1080.191136,1093.969084,1093.969084
