,28/04/2019,05/05/2019,12/05/2019,19/05/2019,26/05/2019,02/06/2019,09/06/2019,16/06/2019,23/06/2019,30/06/2019,07/07/2019,14/07/2019,21/07/2019,28/07/2019,04/08/2019
ajani,,0.025247024999999867,0.0017392618135132487,-0.00016117052869790705,0.01417423873958601,0.0166654846904295,0.019168317331419438,0.0014790564119673277,0.006762872365025263,-0.006814450914235715,-0.02928890165954079,-0.0332103415912719,0.0023855785715558575,0.0,0.0
alara,,,,,,,,,,,,,,,
ally,,-0.002095129599999912,0.008847593454936131,0.002790777110663445,0.01866658450675951,0.04123835038928192,0.01791655032811712,0.0069791108791568135,0.008598927198055106,0.010423527428860435,-0.01525094283569417,0.004023749683668809,0.009199072184031154,-0.002713852692359575,0.0
angel,,-0.00042269579999965057,0.0010740217844971145,-0.0008928396756546775,0.015033141070326828,0.016929583167893947,0.007465226117056467,0.004109098071638284,0.005580312227075224,0.0006251769628478065,-0.009680454388495074,-0.0011907760353748742,0.0024127027121210176,-0.0005312200412449508,0.0
ape,,-0.00036434220000003403,0.004491858773707724,0.004922282254093524,0.018201820320278284,0.024264602053007067,0.011620916966746941,0.008487937664955592,0.009755563812787083,-0.0033375192308596757,0.0012880673347335225,0.0034583016463254346,0.0018801335949725217,-0.0013988476800977923,0.0
arcane,,-0.0006790800999999513,0.011195178522950933,0.0007467121780635466,0.013648396361122916,0.043530839922964804,0.021017149349209285,0.0018747530784837263,0.015505083211402537,-0.0052352396954896685,-0.0034081229421607517,0.000396349726301537,0.0030326384024879083,-0.00033118660569630975,0.0
archer,,-0.0030973758999999212,0.007139510648219716,-0.0038039709568701285,0.019219399551784866,0.03146178969360247,0.027483847503804837,0.005891042178057582,0.006506001376052728,-0.0035323164164885457,0.0025014920881096803,0.0018149143077483831,0.17423725183048488,-0.0020416666666666083,0.0
archon,,-0.0070970696000000055,0.024242423768759513,0.05113890777215513,0.039105375092221006,0.03474733338574043,0.04954507771377892,-0.014387821219227548,0.004226183957390051,-0.0035714289752349915,-0.004335351430582723,-0.0011619958851624146,0.036339920376300405,-0.007518796992481258,0.0
arlinn,,-0.004637681199999966,-0.006000451079161362,-0.0022922636140221275,0.02190201767368838,0.044535518325031775,0.0033241000295323175,0.007692308128887326,0.003234500525395978,0.002139037929513421,0.0031914892117177462,-0.004221635559262471,-0.010133333318877336,0.014285714285714235,0.0
army,,0.0,-0.058565778099999966,-0.045875141348523774,0.007283472680227554,0.0871694050646592,0.024062509144470168,0.0018396603194894556,0.0016271283015774074,-0.0028741397035343397,-0.01571125542435048,-0.005199554747907786,-0.005403471215087108,-0.0029838961038962664,0.0
artificer,,-0.02645502649999998,0.02115384616075988,-0.007936507932516323,0.05833333347275049,0.015355558447521789,-0.005256956698397763,-0.015744239732143228,0.007225699967163601,0.0032423730286061936,-0.03228255483085962,0.04159687698545511,-0.01030662243810998,0.0,0.0
assassin,,-0.004179455800000009,0.0033903589554002966,0.0049674458838624425,0.016051729770378387,0.02673919202686248,0.007509372314071117,-0.003982449205631289,0.01186086352005411,-0.0025826069129931684,0.0012183395621983006,-0.008331608577597627,0.005132744034243686,0.005494505494505253,0.0
assembly-worker,,0.00786625799999996,0.002181052280053608,-0.0027529302246012133,0.012776524964170255,0.006449568163334529,0.017121471290131085,0.0030891779009234455,0.006062614168448999,2.8816126846686885e-05,-0.0007370203072454284,0.0020364003113577667,-0.0048029149901801516,0.0,0.0
atog,,-0.00591362679999996,0.001913122492442909,-0.00018820062662383563,0.012393709852172252,0.014275114280928758,0.0015569696354764684,0.0005501931479507949,0.020140261622783706,-0.0006386165667365828,-0.007508848689448899,0.005819284853538331,0.002142940118883274,-0.004737881114279419,0.0
aura,,-0.001885892300000025,0.0005896507177483024,0.0033170870348060433,0.01482424477235833,0.02458991121409837,0.014272851560275246,0.006635980601337188,0.011516698922628965,0.013009376269576656,-0.007900092273669168,0.002548864281834984,0.004712597933724805,0.00013520528583876867,0.0
aurochs,,-0.006944444399999972,-0.0020128824502595455,0.0,0.019607843275748493,0.0736111111179838,-0.005555555847448934,0.009803921895774614,0.0,-0.02524251825675805,0.036549707595455505,-0.03444444401644775,0.03766339866475277,0.0,0.0
avatar,,-0.0030937057000000046,-0.0026074524906327667,0.0006755515769405473,0.005355968283620172,0.014137080190070428,-0.0013524907022492982,-0.0070152766311953885,-1.75174197950545e-05,0.0008631183338629889,0.004697219659774987,-0.008598253507322351,0.0062545295922999955,0.0006340900281442963,0.0
barbarian,,0.00428341100000007,-0.004184704192032096,0.0020661150950904705,0.008277900817159844,0.031323954153649636,0.035892809265346326,-0.019573644690158765,0.02669323905548171,-0.008932143336881193,0.008506611295593158,-0.000579371158790476,-0.0014654867175043496,0.0,0.0
basilisk,,0.001299337000000067,0.005808260112729835,0.0011825023256726297,0.013970631099846864,0.008452395766835208,0.01636017964095071,0.005574312562731887,0.009367228040302322,-0.0009758151991751118,0.006021709070335612,-0.006842427975170429,-0.0069806012788355964,0.0,0.0
bat,,0.002905342000000033,0.004614550153627661,0.003751107783485752,0.021799088217687945,0.027056128937744228,0.014856788749408212,0.006711990557022096,0.011314039974439583,0.002192843451667592,-0.0012619350968376963,0.0014954947988568001,0.008805425316798177,0.0,0.0
bear,,-0.00511811409999996,0.0026823510788778204,0.007444563996976239,0.3483343109130781,0.012998926409626854,0.03544643085024379,0.33330451306880704,0.00815534149812791,0.06912073619610082,0.07448984586031271,0.016469144940085112,0.0012630931007360235,0.0,0.0
beast,,0.00022514100000003978,0.004669420721949313,0.01047850529326566,0.018395915334862956,0.03193896161600707,0.022282878913707282,0.0017317755715915428,0.007168474803450842,0.00026643708357854123,-0.005338065935694747,0.0008790572871493207,0.003952939978203895,0.00017802311540471294,0.0
berserker,,-0.006249999999999978,0.007107971823899328,0.009986772291362689,0.01694739898710229,0.041338443483424525,0.037255003087224514,0.018614789843908408,0.009888157195069969,-0.0007759488618727106,-0.014079698540258478,-0.0049376230509371455,-0.0031618888238903464,-0.0029239766081872176,0.0
bird,,-0.0023646566999999674,0.007756463072372322,0.0032421514128584406,0.01575788160926761,0.03274194079332382,0.0120323583776214,0.01282581224599788,0.008272155928027658,-0.00597515370978785,-0.007037749826558359,-0.0022222321008270596,0.01254013794104103,-0.00013837000138361422,0.0
blinkmoth,,-0.0026558731999999363,0.0011670500369160841,-0.005465386734533451,0.01942117526692244,0.007980823114369429,0.010762085580162228,0.03468168330532695,0.030350169335070953,0.08499855142185742,0.007687000958419565,-0.008640363127178197,0.009155027162584872,0.0,0.0
boar,,-0.0053038433,0.005846928492510672,0.003342936169304034,0.016381869682793315,0.0344291022166332,0.017816453714347924,-0.00750473549352304,0.010605282043313569,0.008739251834214645,-0.009015572848507847,-0.003680464260149452,0.15160185505488477,-0.0028227785959744622,0.0
bolas,,0.024765563999999962,0.026545404095955627,-0.005515817880381246,0.006368987854444175,-0.001720249078413727,0.0054858823304961835,-0.005164593948964957,0.0036788171143604664,-0.006257027734597687,-0.01707766475543193,-0.010965889332065437,-0.005032982163694633,-0.003983516483516358,0.0
bringer,,0.0018994279999999808,0.0022458122413460124,0.008502010854945397,0.026872473411808873,0.03166201348774633,0.04481247854421633,-0.004256896792447784,0.025818863036357387,-0.007573137367466121,-0.0023423149768373452,0.007708708562759403,0.005815707705488116,0.0,0.0
carrier,,-0.016339869300000087,0.008928571491201964,0.01792717052485515,0.02626050481099096,0.05569764074606898,0.015873016076049407,0.005952381327120948,0.016865079424505547,-0.007518797580835068,-0.008403361471093329,0.014703426057604663,-0.0205058101149016,0.0,0.0
cartouche,,0.014285713999999894,0.027777777613458676,-0.004761904044736864,0.01999999959517873,0.07502164536588074,0.027195484215010612,0.010597825713732023,0.02974454485577316,0.006805555711223432,-0.010692982244537519,-0.004761485938004184,0.008514492855210776,0.0,0.0
cat,,-0.0011963240000000264,0.006535634736690721,0.0017524906103310034,0.019010279887407444,0.03216235557698632,0.01462108616568214,0.007288506303216868,0.008180022805591936,-0.0005300293922891886,-0.006921245395254849,-0.00107407038552354,0.0034296709218673005,-0.00013366752026278128,0.0
centaur,,-0.006718169800000062,0.004765124414937816,0.009953761096080038,0.025842190871921744,0.055878421289089264,0.025806862296732902,-0.0009297719262495452,0.011488115900023299,0.0004919140387351639,-0.007796774604722612,-0.0015184241740346938,0.007800995694064783,0.0017857142857142794,0.0
cephalid,,0.008067792000000074,0.00877132874412867,0.014182815211612576,0.028610083666603447,0.04523334657326217,0.013490410921634055,-0.0020216299138940963,0.009796409801304362,-0.012702850900599194,0.003622263013512095,0.015469652957114777,-0.0005391597118351577,0.0,0.0
chandra,,-0.0024114157000000302,0.017885814834699643,0.0037644103709395527,0.011567607948673508,0.028044272872647102,0.0241831386948419,-0.006750422101905573,-0.016280705357448744,-0.008769240097679099,0.014831584788161045,-0.025146212595825834,-0.00830607952133866,-0.0011743227014849866,0.0
chimera,,0.007835811000000081,0.0109790690896574,0.00020954736412992503,0.02784575264442979,0.03612690942741015,0.03021950852063582,-0.00015463360868117615,0.021316932381514997,-0.00395256852261805,0.001370851001561535,0.002464157327437322,0.013195138214134206,0.0,0.0
citizen,,-0.007281776100000026,-0.049501424489765466,-0.014273493124271619,0.023396382712276953,0.07543111364406108,0.013555020913263327,0.012561275054015164,0.015357544514289279,0.005808274447441697,-0.007181293171586001,0.0034674332083579618,0.0015384622984100371,-0.009881756756756732,0.0
cleric,,0.009241979000000011,0.010533507544477683,-0.0017924185581579266,0.016921969478989718,0.04872230110019515,0.018046818730019787,0.0015137338007777945,0.015519468853597784,-0.008695935910532526,-0.00033268697168920003,-0.005597297512676347,0.016424895818062613,-0.001250781738586726,0.0
clue,,0.0012853550000000435,0.009892813223059571,-0.0024877587800722356,0.01311082386637441,0.031405369157658125,0.028534747628127244,-0.017541287742434575,0.021645940352690518,0.019371376416922992,-0.028955072747932964,0.016214482330050073,0.006243056040427852,0.0,0.0
cockatrice,,-0.002662606500000053,-0.0012717663132520984,-0.002726935045121448,0.01643537133485129,0.008578905460361774,0.031088545342273788,-0.001030496586972185,0.022214929519128512,-0.03078130744729546,-0.0019879401343766423,0.0071511634366432375,-0.001162204406456313,0.0,0.0
construct,,-0.0007782402000000577,0.010244156614492628,-0.0005438393974340761,0.00820141689672238,-0.006036954333283551,0.00953077202905317,-0.012478007135432012,-0.0009568430492233881,-0.002050687702411791,-0.016658424264014204,-0.008616173494361945,0.004579390723307597,0.0005019197514584128,0.0
contraption,,0.0002179599999998505,0.0619142761643674,-0.003626242508524391,0.03556034265570274,0.05957386311804469,0.2618282367099112,0.015166705213876197,0.02665980579353855,0.00444851540152591,-0.009512305703372248,-0.0145551615195888,-0.004327869011617191,0.0008624892606770018,0.0
coward,,-0.029359112099999973,0.01904761908392305,-0.0006493506048409481,0.03272888069655999,-0.054333037295485775,-0.016938775467564393,0.013080254983660833,-0.0005252101429222833,-0.0005411255659031333,-0.022721088403754974,0.0,0.005952381005018159,0.0,0.0
crab,,-0.0192587823,0.00781713642868942,0.014703899865681214,0.02538372598901617,0.06816875386287702,0.006262935525546132,0.01660737016579006,0.014263724739247419,-0.0017274389994230699,-0.00774310734869077,0.010636486737943818,-0.007556770429845816,0.0,0.0
crocodile,,-0.0023310023000000513,0.005147165354279393,0.009843710611233902,0.016124783643546747,0.03570213208326689,0.039173271559100886,0.004128915096978991,0.011296901823681038,-0.009243149326900846,-0.007916268247048386,0.00782906979306941,-0.0020735841510348685,-0.005347593582887722,0.0
curse,,0.0019520959999999032,0.0010741112317609325,-0.0054955684480865186,0.018784280099193085,0.0035705886693855327,0.016312376794672456,0.004222362363078824,-0.003791659786653856,0.00815790455537413,-0.010537469367551955,0.009631578312263578,-0.005379110118833963,0.0,0.0
cyclops,,-0.003108465599999999,0.006237975131108797,0.009137426516180991,0.013321706214097118,0.041501981854535464,0.02466324500354622,0.004483625434171357,0.02200979162022554,-0.0009013288395712804,-0.017102998892396304,0.0004125936300349853,0.0011798036798611466,0.002192982456140413,0.0
daretti,,,,,,,,,,,,,,,
dauthi,,-0.0037878788000000885,0.005952380696650383,-0.014052353590964128,0.03433280084323642,0.015224793235959933,0.01316550881165357,0.01405588344678188,0.0036490678826976986,-0.00951867775098314,-0.00850934647066981,0.006697318353525938,0.008496544509125403,0.0,0.0
demon,,-0.0014426466999999388,0.0012372743497577332,0.0057873711961911045,0.017708088309698944,0.019114222755406862,0.025967187983700013,-0.006533429053682371,0.008185676688032828,-0.008892987788352125,-0.009180719059090237,0.0007402494130506199,0.006190134778444989,0.0,0.0
desert,,0.004537055999999984,0.010072663760449796,-0.007176539795155312,0.02149508260194266,0.0616910298333917,0.01178183204029315,0.012833161240451751,0.011315297445525951,0.0849482501175709,0.19150831861955298,-0.004159858655354953,-0.0001386017395231809,0.0,0.0
deserter,,,,,,,,,,,,,,,
devil,,0.0023308749999999545,0.00034352628317479983,0.01691965550375696,0.030324944422229105,0.03998914575756363,0.028483318523229606,0.010502576969638744,0.007378671685806193,-0.0014619793509681456,-0.009510050431504435,0.0010725361662993205,0.006301513037730411,-0.0011655011655011815,0.0
dinosaur,,0.002021384999999931,0.0163455802891872,0.003952995852594343,0.02666629957888067,0.04798495050607565,-0.005203769124196178,0.012673152224134787,0.014379738641363105,-0.0022292193406153737,-0.022427591656879797,-0.006685840899236739,0.012254829836517933,0.003486176384385864,0.0
djinn,,-0.0038961808999999903,0.004717067448095191,6.511374569817541e-05,0.017682468381929217,0.005212652576775723,0.013190435500005204,0.0013822559025364889,0.01093047636967448,-0.0014401902014754553,-0.004621616391377148,0.0021350734390408466,0.001267326071773489,0.0022342180236916143,0.0
dragon,,-0.0015439146000000292,0.0037370542926833394,0.008578960638867317,0.01630257417250247,0.021326693790476803,0.011674469325552161,0.0011244501047729116,0.00992790074838723,-0.004308094101341808,-0.00594768524787892,0.0007532692804785857,0.0038234511814294603,-0.001162867257066491,0.0
drake,,-0.0028171645000000245,0.003473029595684407,0.005986391306318506,0.014815680109462326,0.038386119007339126,0.025679606238786068,0.011002699826323958,0.00996265398537588,-0.00011678918619972833,-0.01126734026063736,-0.0008600241313617696,0.0019834468692623286,0.0004190476190475412,0.0
drone,,-0.005494505499999969,0.022663711386865515,0.009386447014304355,0.013529732318470433,0.010256410167694074,0.05943941715425094,-0.005059075659358925,0.026725650435905912,0.019909502175733396,-0.022938662551434952,0.004273504367746872,-0.006255656180137681,0.0,0.0
druid,,0.008888656999999967,0.0021543616185191183,0.0012801517463167933,0.011352219515252004,0.014840904650845532,0.02007324389848475,0.01323453667855956,0.01291026286075514,0.0005814406993644994,-0.0036706249736154772,-0.004047848820496802,0.005241228618928506,0.0017316017316018062,0.0
dryad,,0.004984907000000094,-0.0007895223047365008,-0.0008873049067359418,0.01870993227178186,0.04169834072020295,0.030840099692829304,0.006823325432138372,0.004592451749561244,-0.008326305266339262,-0.002915731534063548,-0.005509242334725051,0.02568923726400696,-0.0020790020790021346,0.0
dwarf,,-0.0004870130000000916,0.007568559987104928,0.004497188524731133,0.015043290334284753,0.027954943892004813,0.029768270687206,-0.004119092239103339,0.012652788419620142,-0.01321054087821627,0.004101105933727256,0.013703209051582288,0.0013454573974183148,0.0,0.0
efreet,,-0.0008800449999999405,0.00011857985560914663,-0.003843145722566499,0.010445657103690165,0.011103009179397993,-0.0009220992823377738,0.006432208168996478,0.008741143628493875,-0.0003548078865135418,-0.005472708764015066,0.0026856956684395694,-0.005505026294168824,0.0029257927427264185,0.0
egg,,-0.0013884397000000215,0.004682864575085821,0.004685103739656915,0.020371174279876447,0.02590246413695052,0.003574881651385642,0.004970858064962336,0.006670826250129602,-0.002108222682670302,0.004490118920333019,0.009769024501678603,0.005365979968684043,0.0,0.0
elder,,0.008118837000000045,0.005926790355173184,-0.013714529899092831,0.00888750657256554,0.040341201130398296,0.016211813239347173,0.0012618029680753207,0.010765607325062598,-0.002521157360443005,-0.00994958930515788,-0.013526995750612447,0.002241039127424793,0.0,0.0
eldrazi,,-0.002508463799999916,0.014234153659177684,-0.004866563945343905,0.011695644073507205,0.029300735884829177,0.02312889494734005,0.005334025998746883,0.02050256890827984,0.03749916487485705,-0.0027095681287557793,0.014779550069162761,0.026229768939044495,0.000570628391387995,0.0
elemental,,-0.00039586210000008837,0.0067165329208267455,0.0034262906545292626,0.015271297274383366,0.022462596377084365,0.009092778121548628,0.0090384815836273,0.011270449359789492,0.007210577277512398,0.0283304308639587,0.010552320235929447,0.014849903637748296,0.0015167814791117173,0.0
elephant,,-0.0018944964999999536,0.021311374825015994,-0.0013334288113039383,0.02314238022755366,0.003588210479924525,0.008387876945404882,0.014839033277774583,-0.00011962437044654717,0.09826714842871365,-0.0028631449015875665,0.0015278284741813142,-0.01222759514305971,-0.0006253908692930299,0.0
elf,,-0.0016229144999999612,0.0020012213110833788,0.0016365422001189955,0.01350655291163294,0.028614844177616394,0.008692180757765122,0.0064156105109525186,0.0062653635183456124,-0.0023281080482114858,-0.0011372355034071635,-0.00301903063378417,0.002776548586266969,3.581502441707407e-05,0.0
elk,,-0.008505469700000101,0.0057930453718813,0.002906371416932396,0.016974120520379055,0.03639731946896352,0.0009248375137629328,0.004674167155067854,0.015573775573578974,-0.012023504674413377,-0.016133115344234228,0.0033177596396558595,-0.0014930583181402834,0.0,0.0
equipment,,0.022258463000000006,0.005195412111741016,0.0019323461499682892,0.020342678354292376,0.028051194441541805,0.022697186638234612,0.0003138067793080346,0.010778550931477504,0.047375555055961804,-0.004764910070232942,0.0038032176857663025,0.007695478025878444,-8.356566670375543e-05,0.0
estrid,,,,,,,,,,,,,,,
eye,,8.602099999999169e-05,0.006387410548557293,0.0065015997666411085,0.01880119224613086,0.03357851938297052,0.009730288052114178,0.009294369290602678,0.01747848314154199,-0.00319500525729699,-0.004947559171062044,0.005570075875513503,0.005812363040107016,0.00047308528321177157,0.0
faerie,,-0.003773371400000003,0.004393631202320947,0.009211058459018373,0.010097857014758072,0.03378675076440185,0.012415942581130546,0.0030366126988852216,0.007204127822075357,-0.0008977488177529525,-0.007677374232730294,0.0018699475142036626,0.13114280537549705,-0.00040983606557343233,0.0
fish,,0.00013109300000002655,-0.0015171747090158005,0.0013974528617917148,0.01191700094649617,0.03467905657236425,0.025865768508114284,-0.003256078496636783,0.003732894260392916,-0.0025615632746843753,0.0031539350165974422,0.0023458589089730975,-0.0009399069917179759,0.0,0.0
forest,,0.0023118449999999235,0.0033124032371383283,0.0027023416657585564,0.01656022891516029,0.018303249838655278,0.015335076306257633,0.0005292161051548838,0.00920380853781011,0.008103174023824211,0.008968535493433016,0.0024500612777151876,0.0007775855713005875,-0.00024400937912405496,0.0
fox,,-0.004047619000000058,-0.0018796993066277912,0.0038095237759920852,0.020125836626492255,0.04223930111094143,0.03866623564321281,-0.00892857177697326,0.012216692658194583,0.006150793748611383,0.0,0.009523809600871846,-0.00868273492188909,0.0,0.0
freyalise,,,,,,,,,,,,,,,
frog,,-0.0022313136999999594,-0.011871116885741495,0.02182129671566302,0.00650917247977012,0.007788525448983563,0.014741849961403153,0.006009105954866589,0.008033579852139372,-0.0019018473936540659,-0.006137673220197315,-0.005191736763302313,0.005674302758125638,0.0,0.0
fungus,,0.010013964000000097,-0.0047471937724614666,-0.006938872713489919,0.007159085625598083,0.018737451786887904,0.009126827030902618,0.014288244472294265,-0.010626115571361172,-0.0023953359372037575,0.003972413655695117,0.0143891076887539,-0.004974378009586777,-0.0009523809523810378,0.0
gargoyle,,-0.004798623199999907,0.01362747732886782,0.008420314898776926,0.024771259332396767,0.015956554450083038,0.02603332807885539,0.00284284816352387,0.026621585978721996,-0.015054621599419837,0.010585666573454722,0.0027328137840127997,-0.004327536043122082,0.0,0.0
gate,,-0.007053816300000015,0.006084189354037761,0.002730830785507621,0.022841762453991388,0.027525410076808088,0.026838324760116494,0.003172252406455689,0.008182673891944825,0.007066726255586797,-0.009558954852529333,0.006333756219263131,0.006299348444626762,0.0005905172096505318,0.0
germ,,-0.0004706955000000068,0.006972249306373524,0.0003365231808365454,0.020145508520861943,0.02945733251431215,0.027257861740512146,0.0032868161413786012,0.01017616493527207,0.002609820549391406,-0.00729015966748503,0.010866300919547767,0.006895512494298428,0.0,0.0
giant,,-0.005556194399999992,0.005202950303338838,0.006139505928767219,0.02313808118083771,0.034174329438485085,0.02172530378502091,0.007276285764839852,0.011669375969281193,-0.00474151094531583,-0.0055262149085140155,0.008510642213059416,0.0014861695706525069,0.0006540007307269669,0.0
gideon,,-0.001985555299999997,-0.010351025333210861,-0.032942298979915186,0.015274664239694369,0.03358717867161842,-0.0008229568829751788,0.011993768412316586,0.0193187989405037,-0.019669940038924527,-0.0007426487296835482,-0.0010504779566749,-0.006487038732418626,0.007852305413949212,0.0
gnome,,-0.01350029450000001,-0.0011450878228366212,0.007490654805267782,0.018847586645308834,0.02944888868684048,0.01575091665290418,0.01962917455573887,0.01601050522956937,-0.00457179383483497,0.005538221177346259,-0.008925286513495556,0.00047116777804134813,0.0,0.0
goat,,0.0029212450000000167,0.008514398356373354,0.01318293377652724,0.0066678858834230414,-0.04646300052112007,-0.009051454931555902,0.013283262584133482,0.01382035585199004,-0.0068409929883939125,-0.021799694919592882,0.0024573791021920144,0.006009090901962555,0.0,0.0
goblin,,-0.003220603699999991,0.0030806554704063682,0.006430616555217039,0.021421132933562737,0.026018112494810453,0.012037733311834442,0.012712671787195706,0.018537607659802724,0.0003857907486777279,-0.0007245637580696185,0.0023039884954461076,0.006223796073072441,3.861447946773566e-05,0.0
god,,0.009983945999999966,0.02666050792850916,-0.006906472733424818,0.0038812818308320285,0.0026055636919462,0.011497165342430726,-0.009722024756886216,-0.004350742646207717,0.0008579227569689429,-0.010354863747674026,-0.011256415861481517,-0.013189472214389486,-0.012045157148098395,0.0
golem,,0.004361123000000022,-0.0002351982714089429,0.0008738275496145143,0.021860917454926243,0.011684971880710826,0.031127117626521095,0.010362975375402206,0.008724660400967643,-0.004263067307053614,-0.018380521912040426,0.0025420320165363552,-0.006049526244637171,-0.0006550312432663796,0.0
gorgon,,-0.0005764163000000488,0.012063953159243468,-0.0053649848461797545,0.03324686232922458,0.04258540326781657,0.029175737420140235,-0.007092555280399759,0.014250169038483973,-0.006397558740832809,-0.02568494784193187,0.007517988371589013,0.033090792853256,0.0,0.0
graveborn,,,,,,,,,,,,,,,
gremlin,,0.01839339299999998,0.006416504707233539,0.05143723672922995,0.02124182960593468,0.0508547014763856,0.06183387567344201,0.007575757483221146,-0.0008354221473251267,0.013262420169863676,-0.027831611117408284,0.010748792444577271,-0.010597572829204038,0.0,0.0
griffin,,0.00011375999999985176,0.0013693482229462095,0.0012796948746613968,0.12288602172263818,0.033114310760953725,0.027398819685297227,0.005103722328326121,0.017009857273791562,-0.0021168605812871277,-0.00965035390318525,-0.014459670179160056,-0.0006592203324231605,0.002849002849002913,0.0
hag,,-0.0023712344999999857,-0.0035511204392992823,0.0061095579247800735,0.011228947072773554,0.027756407138716854,0.03130533131571256,-0.0008893496950059809,0.003830985016546329,-0.006267089498893319,-0.007847296447877183,0.012392243557800775,0.011638429503013858,-0.0032679738562089167,0.0
harpy,,0.002923977000000022,0.009007095460038084,0.011410400178215374,0.03065083126064372,0.05376615608660518,0.03694205258861527,-0.0012361470027029142,0.019612794798658628,0.022547638089264632,-0.018700510679917626,-0.004066811843236207,0.014291465903159883,0.0,0.0
hellion,,0.00620835800000008,-0.00520412095404188,-0.003647197986155759,0.03248667358199442,0.05905524784113969,0.037445773264277005,0.0010815800345067572,0.00472121216478083,0.0027108140012452875,-0.014470520922818308,-0.0031801988349524635,0.02237426680189314,0.0,0.0
hippo,,-0.0007232645000000426,-0.0043058935999816805,0.007837485344623918,0.02123009012865884,0.026770977745406377,0.03097046223413713,0.0036012122222639498,-0.0005759557622796452,-0.014602406231165044,-0.002026454851558168,0.010360353788979149,0.007423981520788381,-0.0023134759976864983,0.0
homarid,,0.011149198999999888,0.0010822517597623982,-0.0031080031110735096,0.03241978625888153,0.07076365880669755,0.023570350362597914,0.017194501355834113,0.012426537642770574,0.008257136021202705,-0.024766287080303595,0.003223140908504396,-0.006277640429104392,0.0,0.0
homunculus,,-0.001681175299999671,0.0028273806224659026,0.003389550990243073,0.020127747242606908,0.029194800933940224,0.029786219230133693,0.012537445755161691,0.02528127599565977,0.0030303031378078327,0.003223720139603037,-0.004936002267190598,0.013636363245821626,0.0,0.0
horror,,-0.004879816400000014,0.0012033095295767016,-0.0026191039327970733,0.01864229751967006,0.03970373367483959,0.01737955644683109,0.008812761116890888,0.007817161892228253,0.00417096793798577,-0.011057691015535331,0.011404867953633158,0.008441730267442882,0.0,0.0
horse,,0.15179026699999998,0.17938727467993076,-0.0036593670309585935,0.011432889644660937,0.4861675368622125,0.12522264318982024,0.8018841365934981,-0.01945830686478678,0.2327147672935752,0.026419368421710887,-0.019136420778817165,0.29525418919999,0.0,0.0
hound,,0.002147423000000037,0.002531693383399647,-0.00288652691169633,0.023375534265600795,0.036087729978830474,0.042201222988210274,-0.004904246742290286,0.028478582964114763,-0.0045175678591076185,-0.0006553311956387642,-0.0037709969086222594,0.0017344573698161447,0.0,0.0
huatli,,0.0,0.0008529070000000694,-0.03163372907103923,0.0037372429432371845,0.06744465488451534,0.005145068534333941,0.05671724244589682,0.03436507863479843,-6.21524898734016e-05,-0.044567174558147626,-0.024216251046808135,0.017997595692359702,-0.017090909090909268,0.0
human,,-0.0011759510000000084,0.006393902916528527,-0.0011766362158320831,0.028952667326201054,0.027009284206139572,0.025316362960678962,-0.005810738735687493,0.011212578464907308,0.003577843327911223,-0.008073744222146573,-0.0016843308969815007,0.0042266110339415075,-0.00027818756585862303,0.0
hydra,,0.00734080700000006,0.0010495196785966776,-0.0028112361516501316,0.01846683754788936,0.02805019444559176,0.012937682635473013,-0.006056494477342356,0.020004809162936343,0.0004922440709633769,0.012724566418900851,0.029893371425535387,0.15237655425961294,0.0,0.0
illusion,,-0.00678077119999998,0.008943221136316293,0.0011856629640967231,0.013160169529175425,0.022632855603043955,-0.022630275661352783,0.009058459343665781,-0.004625658451617998,0.005486688498984593,-0.007637713010840819,-0.00381813386612051,-4.7110792873450436e-05,-0.002068965517241561,0.0
imp,,-0.00010172220000026488,0.018213033869874273,0.01595929185842082,0.031773531472449656,0.036769147894759824,0.023120492514819624,0.0033911763035403553,0.0024256192198592874,0.0029327837881556462,-0.003766074037650169,-0.002803687191350046,0.006109206350354945,0.0,0.0
incarnation,,0.091161834,-0.0171044133129018,0.0016945399843397713,0.0405211544449573,0.004629629232040244,0.007521581453962201,-0.014394457117381076,0.02792742188902353,-0.0073234229971470555,-0.004024858470617398,0.024163600452123513,-0.00833747973885457,0.0,0.0
insect,,0.025544613000000105,0.0016845995562750904,0.006502408716396069,0.013317175407068227,0.02489902302826974,0.014475315043730452,0.0016658312114783413,0.00623512567197082,-0.0026917398891179722,0.00019685208856845549,-0.0034860128744689245,0.006652066200224516,0.0009970089730808596,0.0
ir,,0.003944807999999966,0.004595263567516827,0.003833245323703993,0.017823164547866144,0.02814342120814839,0.019353102393795174,0.00459571889614363,0.010385501110582895,-0.00041539505536403176,-0.003867461242935244,0.0018477074376710423,0.004898832347498994,-0.00019897575070659812,0.0
island,,0.005915662000000044,0.0005467694964671477,0.007366806688465788,0.012766724535705043,0.06290299699569157,0.029666273186710557,0.0749136297209636,0.011360134245278486,-0.0030080026120660186,-0.0029843004147284136,0.005019917429802678,0.009416672063751852,-0.0007861106829820663,0.0
jace,,-0.0017436493000000386,-0.017717582951110367,-0.0296118279555867,0.01699955648914875,0.04748757647319923,0.005834070152019644,0.027634159362743826,0.009273177957309864,-0.002805045878701895,-0.009980359793894444,-0.0032236178087912126,-0.0025264393147628184,-0.006380952380952154,0.0
jackal,,-0.01166197839999994,0.006332419337534034,-0.011666666655271718,0.013480392195136526,0.05606008207529478,0.002525252453245974,0.01576271753174452,0.0014141419800144384,-0.003950617603843187,-0.015330014826931748,0.017195766975784288,0.009159192404820216,0.0,0.0
jaya,,0.0,-0.021787240500000027,-0.0017730496593465483,0.001753984528244823,0.003472222260558322,0.03140096586170649,0.0083586629667467,-0.0015897661933792495,-0.0017921151243580624,-0.005283816032356392,0.003546099010469206,0.0034722228376000697,0.006666666666666821,0.0
juggernaut,,-0.003607232100000024,0.008603517986252918,0.008031251818875207,0.019380039441426522,0.0290978252553733,0.03025793057217685,0.0016399799808402005,0.0023686415243888703,0.00039414289115846657,-0.008628323793458126,0.0006396981809970725,0.009122245143629026,0.0,0.0
karn,,0.01698777600000012,-0.010003646297514601,0.005084534019132114,0.014429375904038588,0.004640289213419635,0.004382507709163264,0.017897032551171366,0.0022772970178455143,-0.011612698944129418,-0.004227072099806883,-0.003113017567352605,0.0010079371489151168,0.0,0.0
kavu,,-3.948899999994815e-05,0.010613035098143042,0.001042561861037905,0.018130236956416024,0.03641074511164488,0.029625753186645065,-0.007804238047727896,0.010392701611202648,-0.015198640686180487,0.01285998703236979,0.003606822903132745,-0.001451419892414707,0.0,0.0
kaya,,-0.00259439650000004,-0.035219298224044904,-0.03168735812328716,-0.01972767844564627,0.005612571145066525,-0.03350979723235037,-0.02367975232409214,-0.023547100218987538,-0.008951643268044096,-0.027237071963692294,-0.015015015042619484,-0.007394729479047846,0.0033333333333331883,0.0
kithkin,,-0.0016938797000000116,0.005556552832044259,0.012634442196626905,0.012941150133172652,0.03693382691169966,0.01382680060313013,0.015932762459612615,-0.006644437956884519,-0.003964923755382044,0.004134686346761729,-0.0027387061182199135,0.0047415350555299884,0.0,0.0
knight,,-0.0012162141999999543,0.0043176063341334725,-0.002871207337243664,0.02045925090159817,0.029895893443909527,0.020174635782471473,0.008826472888460835,0.01187703860639977,-0.0070841557249456955,-0.0007010370762546847,-0.005014921505340442,-0.0015670905368943,0.0007276302851524363,0.0
kobold,,-0.003971205400000066,0.015956366408445666,-0.0021379873530641413,-0.0012396184081351347,-0.0071281714680769825,-0.0038197476518234685,-0.001815243789496157,0.011151924723381335,-0.0030042399393644947,-0.012386646015000724,-0.011900961993283499,0.012065241710254027,0.0,0.0
kor,,0.00032397900000002977,0.01125198859198795,0.008633756441669194,0.034132811425690024,0.03182534607546894,0.011720710244012889,0.01917818398008575,-0.0036122877371272955,0.0034078278000106987,-0.0057705918762523956,0.0019346355158222917,0.00624314203190246,-0.0011456933870727104,0.0
kraken,,0.000902892000000044,0.00278683878555519,0.1268655809393735,0.023202871789764767,0.002067803053039441,-0.0028012491005259266,-0.007458759965721096,0.019867182957303164,-0.013678198636490557,0.0015991536261752426,-0.010805728004429693,0.008012496738766028,0.0005167958656331351,0.0
lair,,0.0008417510000000572,-0.0010022825276800873,0.023749239738312555,0.04506263731945359,0.07118213227527082,-0.012643764152124093,-0.019602760229637806,0.004491365534561531,-0.017861190073755306,0.01276041666547667,-0.007137264737371307,-0.04762037251165252,0.0,0.0
leech,,-0.005967005899999989,0.01168602246499617,-0.008111481620442285,0.02849241022614768,0.016447172552501943,0.02480129634384598,0.011041823611359636,-0.010933177392918547,-0.012450218717864558,0.0038832523929372975,-0.0004658300851156927,0.004050116553913741,0.0,0.0
leviathan,,0.016315918000000096,0.027884189844992635,0.03461530628257181,0.003591076161587381,0.028083353627472274,-0.010315760674967867,-0.0036392647026720626,0.01985235172708344,0.0015046435981564965,-0.0006009115505862805,-0.00840820388418173,0.008396160439299694,0.0007751937984497026,0.0
lhurgoyf,,-0.011710266000000025,-0.0020454482430148913,-0.11371527777328905,0.010192340119542509,-0.051517859535953114,0.011411926995232413,0.0032723776083058986,0.03906249997242184,0.008909574529088582,-0.02609707452028831,0.01341185411026169,-0.03554266283615859,0.0905172413793105,0.0
licid,,-0.0003492371000000105,-0.013550530347922196,-0.005008229930675623,0.027359480069477415,0.030205131042654543,0.011962292750869574,0.010890150688373401,0.005023540883503763,0.0010185182228739098,-0.00999999952280628,-0.006904762197075698,-0.00234867284885365,0.0,0.0
liliana,,0.00225824699999988,0.004129237162565413,-0.006472725511195376,0.024533882647006067,0.026375631689019574,0.006897301433139713,0.008451454893309895,0.014154635447461317,0.005927215475867165,-0.004364985676143407,-0.007145048601575499,0.0008148598367649917,0.0,0.0
lizard,,0.018144114000000044,-0.009207316401575683,0.02373382157927728,0.008468281128217958,0.03237599845853634,0.015543973627152097,0.008787579544650148,0.006259958235859786,0.0009545967307846848,0.0018508070133556043,0.012735964128276267,0.0007065671707049415,0.0,0.0
locus,,0.006332938000000121,0.0052478417436039315,0.004046237935964259,-0.0048839830811682194,0.014754740473276406,0.008204641131068335,0.009225078255492347,0.005572815734646186,-0.02288083604400082,0.11814137563328275,0.008479673170494584,0.018806554057203773,0.003222986998798305,0.0
manticore,,-0.0003519144000000418,0.001104110952543369,0.014260710683622335,0.0320377501898379,0.02974784404434283,0.049767262195325346,0.010635964619467142,0.00631200366579554,0.00682337777338593,0.004148279351466444,-0.0017502260254813606,0.007940629826302503,0.0,0.0
masticore,,0.005082720999999957,0.0002913750220565614,0.00597010026632061,0.008493760941571837,0.02404137471854506,-0.009103192532672888,-0.0026952918685154703,-0.003117138570755351,-0.0075919676272281356,-0.017158044328180688,-0.011024706212109825,0.018576106388022096,0.0,0.0
mercenary,,-0.009402911400000047,0.0034904749264774715,-0.0011605679749934206,0.03459401250715621,0.04241157255673422,0.028654767785697866,0.008275896091512136,0.007489078009404571,-0.011574048071733789,0.0004724699426212897,-0.001726972814132477,-0.00023275041853543232,0.0,0.0
merfolk,,-0.0051753387999999845,0.006871457922800417,0.00041714530644143544,0.010560647802410728,0.022071422891344117,0.005112833194865107,0.011796962706959624,-0.0010726758568476713,0.002885178084406581,-0.00991929233729627,0.0035263199910933185,0.005149545708307057,0.0007081738759713296,0.0
metathran,,-0.02702898549999999,0.01922196799419651,0.005714285687203002,0.023737373650020155,0.05828828817084619,0.03937794633914349,0.011111111219938907,0.0,-0.0021929820216203266,0.0064599477901921,0.0,-0.0057644105407701485,0.0,0.0
mine,,0.008364559999999965,-0.0064084531094587005,0.0013795414183130905,0.017150253095315593,0.00450116547054602,0.007241483875299881,0.0005494011822897438,0.001630449791619748,0.0024193062992989844,-0.00347796614907514,-0.003029875738203236,-0.001013415110029392,0.0007177033492822282,0.0
minion,,0.0005395240000001245,-0.01486836286139559,0.002574794672551395,0.006804512814004404,0.02662973636111743,0.022923176165474235,0.007899516825653263,0.011529446064736826,-0.0019144039036288474,0.004704314582626878,-0.008217882962755052,0.011130623379208782,0.0,0.0
minotaur,,0.007468902000000055,0.005288705179308906,0.003580577957179587,0.017874539377413345,0.014203573537778347,0.017102261279721143,0.0031361503466016405,0.02408088123720309,-0.012058150768980425,-0.011020656615724711,0.002122871877479726,0.0005798311992963878,0.0,0.0
monger,,-0.010763888900000018,0.000832339510012492,-0.006618535004127679,0.01704122420520493,0.02795787284803186,0.036163949622579405,0.004116419444150088,0.005208333308990731,-0.0012626267898090404,-0.004043638125802551,-0.005000000738542787,0.0024305558631967372,0.0,0.0
mongoose,,,,,,,,,,,,,,,
monk,,-0.0011331162000000061,0.006493873513278681,0.004845785576341521,0.02439786871822469,0.03148732628470552,0.020509203570573398,0.002807392918332541,0.010607301253304335,-0.004684471370871468,0.013431942054506818,0.006522884685455921,-0.00010673795537174957,0.0,0.0
monkey,,,,,,,,,,,,,,,
mountain,,0.004710720000000057,0.00025624888326047923,0.008747638193868479,0.015918811707955838,0.018232556135993283,0.018875856929881696,0.0038940918335639285,0.0135807904638503,-0.0028795619921393456,-0.0008501663698459172,-0.0006974126251867441,0.00023301313969392723,-0.0002835499844895395,0.0
mutant,,0.006010971000000032,-0.011290675874746525,0.01875703139087448,0.010485008408401386,0.013164139320273271,0.01836845457047298,0.015975414894186635,-0.002936988328082313,-0.0013258880070446954,0.014337185655197482,-0.024148337788928442,0.012360640451304583,0.0,0.0
myr,,0.0005260860000000367,0.0010873909388506853,0.0005418084945412183,0.012995640885441695,0.018643163305119836,0.005213076804970518,0.003305326043261836,0.01706093907268258,0.006133893566587334,0.00013563859196419337,-0.0024055304236931807,0.004649739084742199,0.0,0.0
mystic,,-0.0017222769000000415,0.009504413131183886,0.009523452090033135,0.0205155498964118,0.01611476298792769,0.01769978145008233,0.012968714136555759,0.0028801579553205947,-0.006398508015687643,-0.006501581189517713,-0.023295589613653744,0.017312705117238814,-0.00048216007714563247,0.0
naga,,-0.006648936199999955,0.03783795031760051,-0.023860398542595473,0.020264681144866126,0.08683559474951208,-0.049386424879245605,0.0031034019862032913,-0.0009076507840801717,-0.00020247288196761914,-0.02407864696601536,-0.013888799701435639,-0.0033819628126637857,0.0,0.0
nahiri,,0.0002861229999999715,0.005203007299942275,0.008861942450404836,0.007826056250036961,-0.005402930637614323,0.008333333759500183,-0.005965122146565527,0.0009293468530640059,0.011158798754467458,-0.0104564815544691,0.0033850500968324315,0.001522008563143995,0.0,0.0
nephilim,,-0.0153303427,0.005749270182167532,-0.003917403399256059,0.008954016201655923,0.015558108992766995,0.00889764986895858,-0.0004916626800098856,0.005392871053919057,-0.010653892926261399,0.005025624988414634,-0.005503755110782049,0.0001900373563783475,0.0,0.0
nightmare,,-0.020668479799999973,0.004169770109274218,0.00704834667185561,0.008542106226157697,0.028153972511029357,0.031269556230371975,-0.015738474316500994,0.012825663728037506,0.004061088729523155,-0.004692723842445901,-0.0015785611202767669,0.00775331100828347,0.0,0.0
nightstalker,,0.01563954100000009,-0.0249047455114787,0.01627625874905636,0.011519643268301127,-0.003939296126359015,0.025119588756387312,0.007403051261051452,0.0024144871290352476,-0.015103936583436228,0.009343527478555158,-0.009092745811599912,0.011025740022196695,0.0,0.0
ninja,,-0.0016872032999999398,0.03514963287658324,0.06696332469480382,0.20276901981225293,0.19176333467599216,-0.10142558543887037,0.009479439005269485,0.014264265750422611,0.01244554329501879,-0.014230954347650537,-0.00542231941233462,0.013528961250496296,-0.0019762845849803368,0.0
nissa,,0.00988246100000012,-0.015050266032890391,0.0010720165173012663,0.03278044073727915,0.04790620204781182,0.007614353639397553,-0.0023915690421532076,0.012641536527432828,-0.002443713335094966,0.0021983680998247657,0.0017531249990230258,0.02106840160664447,-0.002714932126696712,0.0
nixilis,,0.0009866370000000124,0.0013136678866574325,0.0036049947405003557,0.005191872628930172,0.0024924108366175535,0.005014037061793264,-0.0009678365855964044,0.02320459427085142,0.007313324211913441,-0.00777365665656049,-0.003599962672560797,0.05149132758254393,0.0023592854735423607,0.0
noggle,,0.0,0.01041666699999988,0.00724637690482588,0.02209595923059715,0.03540778596401695,0.025694444349664725,0.017740430037603616,0.0,0.0,0.009259259242788476,0.0,-0.01683501705162238,0.0,0.0
nomad,,0.008876686999999883,-0.004072978445184283,-0.002862075898601324,0.018822393175451646,0.014213517849846147,0.009904964962072382,-0.0017804043846141315,0.009180110597561075,0.018021561491385674,-0.004924207402501213,0.004761904628009406,0.00683143016825527,0.0,0.0
octopus,,0.0037245360000000005,0.006934002059704625,0.014697802329907361,0.0348522863830496,0.015742972622131868,-0.0020657783587901823,0.008328276539949497,0.004662791490118723,0.0046587974607601446,0.005363381073160589,-0.013813302017448459,0.013631306120799547,0.0013289036544850141,0.0
ogre,,-0.0028055456000000145,0.006424436649975718,0.006002412112304345,0.013831368557589485,0.03694946184509429,0.025061816236249257,0.004982028964848784,0.009126468259555098,-0.0044954236830691,0.006786117858343266,-0.007666033288833973,0.011797240914492857,0.002384792626728194,0.0
ooze,,-0.0008255078000000138,0.0014544694758971133,0.0058307656727105694,0.01962930774268634,0.023499501021879476,0.021242934920921996,0.01482775580552187,0.0062176007794902954,-0.005096411849875082,-0.01411411678247143,-0.0008951536216276201,0.012330935191785963,-0.0011286958655379875,0.0
orb,,0.002592007000000063,0.005000263282569861,-0.0010540755122380174,0.04888348357218297,0.027721430022033644,0.04289339589610708,0.02069294790015963,0.016133077572097143,0.015039540528212214,-0.008758824527881792,-0.009691402012716344,0.011882170578783047,0.0,0.0
orc,,0.0021905030000000103,0.003938753149409946,0.004902295280236224,0.018298854755465,0.028283293028401824,0.016297267936087545,0.006071514879598672,0.032266536089943454,0.0004763015425688355,-0.0030504559404386233,0.0028510923012345923,0.004156281996361644,-0.0003405939771224942,0.0
orgg,,-0.019229262700000027,0.008293460939089892,-0.0019230769753880717,0.034421922169570074,0.02558856337445259,0.02692982402667843,-0.015384615527687995,-0.010141206290876337,-0.005810811120532389,0.018021680500047488,0.0,0.010256409903477426,0.0,0.0
ox,,-0.009898878500000041,0.013389786368401824,0.009225157562946285,0.01633803086069352,0.028042145456235623,0.01551755554174905,-0.0009890162814359948,0.020049830344683217,-0.008050181953992541,-0.008885984725276685,-0.0035990146257911526,0.003145706535335968,-0.000743511807341557,0.0
pegasus,,0.00447922700000003,0.00754198971603004,-0.0137691818268465,0.046290705710042124,0.024131105903361316,0.013190965886921813,0.01016037323710517,0.008324700780098837,0.0011069114902071409,-0.004174464583902138,-0.004621401687272764,0.35254079142807004,0.003968253968253732,0.0
pentavite,,0.0050505050000000384,-0.019863981561802246,0.015585089604670532,0.0405710521097844,0.037929843239504546,0.023321123326547566,-0.01768018046310893,-0.0032828285625171594,-0.013665038089622161,0.0,0.004504504044690716,0.027995688811881303,0.0,0.0
pest,,0.0037646989999999825,0.0018990715671702851,-0.0011283283402486743,0.007247011158710848,0.010895224181246999,0.01949451840045824,0.005186370048791078,0.006503936917113595,0.008374219648311199,-0.0016319348653180965,0.00046483765925642295,-0.0006297528323324642,0.0,0.0
phelddagrif,,,,,,,,,,,,,,,
phoenix,,0.0009536779999999023,-0.0077957074053530695,-0.0007426410934344707,0.027418990787615227,0.02782412689202185,0.015810279998811794,0.015602962292975198,0.006342801541949328,0.004003683063575014,-0.02226989161930093,0.0054914407460093795,-0.0035446501988107837,-0.0014992503748127994,0.0
phyrexia,,-0.0016898797000000076,-0.005593230286318307,0.004175451506672756,0.02720922556818417,0.03304839061591114,0.0192769192479485,0.005233005456375395,0.014358698581087737,0.0008209577858298012,-0.0009435929860843739,-0.000822364490615235,0.0038842668404175384,-8.677542519952564e-05,0.0
pirate,,0.017956705000000017,-0.007165930499961726,0.008351127460604513,0.014895377536134013,0.05199566239456632,0.011005371920697282,0.002471227105413254,0.011287993312586009,0.007077757018484121,-0.01391143728227573,-0.0035203602949402946,0.013453774013996611,0.004516025641025712,0.0
plains,,0.003414006999999941,0.0019536661700199076,0.005386823363563886,0.015638328604671292,0.014076113017979841,0.011993925162023578,0.005485353466038401,0.0061138977669259464,-0.007202520976684612,-0.000550639626002547,0.0036315058076559215,0.0016769585669604847,-0.001293338241184272,0.0
plant,,0.006158845000000079,-0.001853973663571984,-0.0024310494036448027,0.011375682622556171,0.00249888103485163,0.004773266494339623,0.0018967523346498094,0.008532079124380365,0.0037860464251433523,-0.00058790509466633,-0.004724243728406297,0.002499529803913214,-0.0006430430103134821,0.0
power-plant,,0.011575149000000007,-0.006809641386316789,-0.005887385777387899,0.012884058500155726,-0.0011323168992318777,0.0019735150587065764,-0.004314644828879555,0.010728337398358212,0.0027324131369310667,0.0014084870196879873,-0.008792105174873499,-0.0033866396668018606,0.0,0.0
praetor,,,,,,,,,,,,,,,
prism,,0.0007720700000000136,-0.0036236868600859617,0.014152755431734665,0.026716657393908827,0.03657183528984298,0.009885796560878957,0.03427501178894876,0.014133461464511221,0.005702797877164212,-0.014302740446019535,0.020137189561334035,0.013935661280346956,0.0005882352941175562,0.0
processor,,,,,,,,,,,,,,,
ral,,-0.00010760949999999436,0.007388272548314756,0.006830099775209542,0.016541096205469952,0.14708855122654207,0.058857881504165155,0.014770151712130586,0.08265711208000637,0.014504846954608741,0.01435464466634584,0.006714776049394855,-0.0006314123391968351,-0.0008466929858131911,0.0
rat,,0.017459654999999907,0.002590902732158007,0.0031438714078260155,0.024159284951620785,0.0221561046587484,0.02440669462264866,0.005418520819609807,0.009803180234713604,-0.0003226764314848696,-0.004054436451746746,0.00032699018341331154,0.0006837745038963394,-0.0004412787360478232,0.0
rath,,0.08480223999999992,0.0037693284999116283,-0.0010051729538427256,0.035979317907320896,0.01023791725320411,0.061024584873951015,0.006511943047825763,0.01170919816922611,0.004436882692284261,-0.006591332902750047,-0.0037254680301191945,0.000399365920027428,-0.002963020475932554,0.0
rebel,,-0.012634794700000063,0.007699284985123844,0.003759203777918607,0.03339471891111101,0.03506304598547327,0.025299768306404236,0.002003444682276978,0.0022353084485093877,0.0026974678456224144,-0.004840926318565142,0.004258400287682651,0.010093561335766221,0.0,0.0
reflection,,-0.018804797399999962,-0.0008445945290029844,0.010082950300513094,0.04027777773864627,0.03740731935507968,0.021520803420505663,0.0027562443075797027,0.01309523819528935,0.00500000041478299,0.008518968657035941,0.0015873020377685787,0.008680033247125518,0.0,0.0
rhino,,-0.012498875399999942,0.0017578949094394503,0.011732836154703552,0.00695441023171095,0.033896524556050966,-0.023449903443487408,-0.0249742075413798,0.0032199445281864136,0.17707883573341898,-0.013599845278755018,-0.0362406112178294,-0.023493026630910685,0.0,0.0
rigger,,0.0070553799999999445,0.0010122700501336013,-0.001136040707582775,0.01007360218789799,0.028495964792048634,0.0071790409522281,0.006828888644215381,0.017132463660369135,-0.004151577514881266,-0.014281517336661831,-0.0036371794609491026,0.006867516848149791,-0.0008071025020177647,0.0
rogue,,-0.0035806340000000825,0.019386932509700028,-0.002906894546443217,0.005189342198700375,0.007111670988738439,0.006930247115253474,0.01374758197964443,0.006239890536218873,0.06746293726261521,-0.006863006990733611,0.005798874570702939,0.018012385894548677,0.0015243902439023849,0.0
rowan,,,,,,,,,,,,,,,
saga,,-0.0062895875999999795,-0.003927764720280336,0.004743476689616388,0.004947094351126724,0.10850037386805433,0.010233909692128451,0.006072257186912955,0.0013876993767949486,-0.001567380552630837,-0.012938520997787695,0.0030121729088199434,0.007758719511568479,0.0,0.0
saheeli,,,,,,,,,,,,,,,
samurai,,-0.01132532679999998,0.0016222330190869272,-0.000694334953714626,0.006385166221481331,0.015913905819205487,0.011472263799119586,-0.0059911813101902744,0.007013993642203342,0.004832242483448601,0.005058547758821197,0.0007973360225979054,0.009371572980031662,0.0,0.0
sand,,0.00715283599999994,-0.00264166361340612,0.0011399281270931816,0.030638683751482043,0.027792847987762936,0.011003999502120942,0.007385349513235884,0.012597514748460714,0.00438427733065172,-0.006016763484802068,0.001026243744408184,0.08026145977053312,0.0,0.0
saproling,,-0.0021903481999999697,0.0025417024133058685,0.005228188160500524,0.010544764680356256,0.022148614961561952,0.012635032250757128,0.007688606212651994,0.008055834876958379,-0.002019659675219998,0.002227508156630753,6.605232808110095e-05,0.0030989574021695887,0.0,0.0
sarkhan,,-0.005360614599999924,-8.871255381126542e-05,-0.003158444193698262,-0.031179617189991182,0.05176711834991532,0.002534697496834104,0.016316840183554948,0.02165148227722824,0.022377373725072536,-0.004531694934631014,0.009045903389962806,0.005084184416150217,0.0,0.0
satyr,,0.003586590999999917,-0.004099561848370459,-0.008283137598834589,0.027019751954120652,0.03917839905522347,0.043719208674743326,0.0008648122324674823,0.0202463216963491,-0.007337670907857197,0.00022669813900511038,0.005404305628248007,0.016342099210668648,0.0,0.0
scarecrow,,0.012969311999999844,-0.0027308793733722414,0.006281702693195834,0.3187618802091756,0.00018630213468906476,-0.008391641912090186,0.007963441117897707,-0.010919875151770064,-0.0029068785589035917,-0.006906772753516255,0.015047538174054242,-0.005037746211297933,0.0,0.0
scion,,-0.010226788099999995,0.014940400409113153,0.0015667334109246145,0.013270554144758862,0.03408061942044194,0.021752390393843024,-0.0037516107560031653,0.010699067944867302,0.027957892069459866,-0.016377561042113076,0.010406040997587018,0.005435229823048893,0.0,0.0
scorpion,,0.007575757999999988,-0.016388373944979273,0.01178125466680302,0.02348484835036846,0.04464667540968037,0.023940533308216105,-0.004020453743098118,0.007643885284003282,-0.0028640745588353056,0.011716071212175327,-0.008715892344806853,-0.00029708884194312724,0.0,0.0
scout,,0.003590698999999864,0.007096156836742473,-0.004116340378772176,0.020487542669185732,0.047869185315716045,0.015658278027901318,0.014395489787740523,0.018170381633948907,-0.007749065106705699,0.0002459916323447331,0.002446888660057489,0.0027826582634316033,0.0,0.0
serf,,0.007841723999999939,-0.0023423429927376116,0.0,0.02301587369705982,0.05220726745205129,0.0177088485101331,0.0018518520233363756,0.003787878551035906,0.016858237974715973,-0.015972222534183844,0.003787879177467701,0.005747125754932414,0.0,0.0
serpent,,0.004895475999999954,0.006030288865585431,0.0058700044227277814,0.02388798061045727,0.031013521042451142,0.020901135480021926,0.005939472109489641,0.008909873894495934,0.004784819715510702,-0.003629182442068113,-0.007476443390374787,0.016919045057191884,0.00020222446916062786,0.0
servo,,0.010708029000000119,0.012821829478115276,-0.007117155185075719,0.009318958942896138,0.05812338105791781,0.017642838730318244,0.004795389595394939,0.005916291110011018,0.01256642635636318,-0.008930586541338714,0.001165983846080465,0.013657089757995733,-0.0005611672278339475,0.0
shade,,0.008564019000000034,0.00596843124144808,0.006416407904672017,0.01927073976432725,0.032315967973174375,0.03401008016638696,-0.0028177491958611967,0.01416520905425478,-0.0004148964190852089,-0.0007145964866142052,-0.006836230985226566,0.0063615833883237105,0.0,0.0
shaman,,-0.0027977398000000875,0.0008135295439837265,0.013430695191998243,0.017316997676831924,0.03146971939971577,0.022338536528978326,0.01267558306864247,0.005758708923961242,0.00028996162495120714,-0.006295936733545893,-0.009806364939943912,0.003929524943856233,0.0,0.0
shapeshifter,,-0.0037288524999999906,-0.0018176360969041072,0.0102102175534724,0.014430056512902745,0.0067725830039242485,-0.018069595972366126,-0.007822394566125435,0.0025852715115672886,-0.007827677829048696,-0.006555597170958993,0.00610955184465789,0.0019554237390737583,-0.0009375000000001465,0.0
shrine,,-0.002735323500000053,0.009758154208523218,0.01186199880752481,0.022257686358220452,0.02643323714941337,0.012518110151742201,0.009598330046707071,0.013635991720534868,0.001870685555846352,-0.01066619205011421,0.005011403457105157,0.0008010941961802409,0.005651672433679478,0.0
siren,,0.0,-0.02549707000000001,0.022469336444170596,0.00831199827857132,0.042977746516215776,0.012430099728419686,0.003503918562317132,0.002093744567192468,0.0113138375781352,-0.02262443469949449,-0.005691056548201456,0.01784729468933799,-0.0008333333333334636,0.0
skeleton,,-0.003761814899999938,0.013250375359457722,0.012636183663710554,0.013571539962063284,0.02817550538581659,0.011449789471125182,0.0032864518568338497,0.00874813744445202,-0.00523196166582196,-0.0016099968040875767,0.0012192086406515035,0.1390286242257468,0.0,0.0
slith,,-0.0016546970000000938,0.008230456912361461,0.009856460516330934,0.013043167800022015,0.027918074187871733,0.014863555029622555,0.006343848999222912,0.010246776182512907,0.0028182389892541515,-0.00232028076811297,-0.008665339945757133,0.014467919463774015,0.0,0.0
sliver,,0.003052913999999962,0.005728957983965222,0.004774777999909219,0.16471032074266811,0.03634367143326367,-0.000471424266035414,0.04294933552301616,0.015954042493333764,0.009327586014626243,-0.0002873948223823808,-0.00438696200916211,-0.0029124986672207642,0.0,0.0
slug,,0.01623376600000004,0.0,-0.008695651823086514,0.027752166583637106,0.011111111336476576,0.026666666360990243,-0.011764706276416459,0.005833334067706586,0.006896551808059037,0.008695652117326702,0.0,-0.005098039322305237,0.0,0.0
snake,,-0.005706698299999924,0.0023471464566942046,-0.0010331043053442013,0.0158390735667564,0.015435795782395623,0.01705433081973262,0.00772292706158173,0.02130418746659357,0.012065856094890748,-0.008567462742761656,0.001745626075105422,0.005663030919248246,0.00012218963831855945,0.0
soldier,,-0.0019752858000000595,0.008489735453887759,8.985018226770336e-05,0.016421968201384862,0.024795206667953984,0.013567117242815785,0.004132790892928728,0.005949279856619194,-0.004132366945116317,-0.009353273528664774,-0.002736311018918025,-0.00029450641597128513,-6.188636325610286e-05,0.0
soltari,,-0.012002787600000064,-0.0031746031877770697,-0.0021188803369034392,0.00941043081594084,0.01999762712577202,1.814084364415436e-05,0.025414602962423816,0.015215337657231043,-0.026817302287923006,0.0021978021827946392,-0.004414221039417021,-0.0021978017336827804,0.0,0.0
sorin,,-0.0015200906000000236,0.0027019538145951483,-0.011187977192733456,0.011477409542707706,0.01470444420504724,0.008103390413246148,-0.0022278711759693426,-0.00042165442251584917,-0.006522305386777227,-0.042828090029608856,0.011305597334717143,0.006925234627778609,0.0013525337671300708,0.0
spawn,,-0.0013018132000000016,0.010920694904780204,0.014186516263769544,0.00393537652225695,0.019864110499768328,0.02029886538015635,0.011888871534732282,0.03626764423015927,0.025662841337714237,0.005523317567271091,0.01381138591272113,0.030514587949446836,0.0,0.0
specter,,0.006896564000000049,0.003110269825093992,0.012059349419169418,0.011425484353795756,0.006939501585915053,0.007509794354682908,0.005923755134815911,0.010693654453833412,0.002999533704199253,-0.007760761083037027,0.006755812844652986,0.007292685269784105,-0.00042735042735042583,0.0
sphinx,,-0.006849901199999953,-0.0017885411300327947,0.010500925993294885,0.026106258466744414,0.04391336096177101,0.026530151015534242,-0.0006209799371484914,0.010308730635403496,0.002223686958929161,-0.005842577506391167,-0.004526939973255595,0.005997719458081585,-0.002602472348731344,0.0
spider,,0.0031655889999999687,0.006691064838748151,0.0031981620826444512,0.022678749297848633,0.028874298339560456,0.012957395635054159,0.005129310571918344,0.0016230849737719488,-0.0004820309891718777,-0.007832761685087286,0.003314665639947645,0.002869589743341283,0.0,0.0
spike,,0.0010778209999999788,0.006790624921856114,-0.001545355146028382,0.01854563921900665,0.03331632703525078,0.013774243681881737,0.006539848073084276,0.009634863045634656,0.00034255229377033736,-0.011030744332055531,0.0001255374625883654,0.006939824006761963,0.0018518518518515492,0.0
spirit,,-0.0005330116999999746,0.006311766945629627,0.005238086999485914,0.017380397581813867,0.033936576483903025,0.01815881634541361,0.00214851349347267,0.013757459929270022,-0.0016900600471956295,-0.007586053313715979,-0.004154917853375961,0.004159130542248812,-0.00025808888329348356,0.0
squid,,-0.0012143945999999461,-0.003511817632368963,-0.007873862163759404,0.026556545521313257,0.009340150429786975,0.04389973737313202,0.0038261344453758284,0.009614168465991835,0.0008269582525821662,0.001287553516936768,-0.0008298799666816015,0.017071499722059125,0.0,0.0
squirrel,,-3.426119999994093e-05,0.009432895382315287,0.001533756281468568,0.028917859175061844,0.006643347389317933,-0.0030899381863092046,0.0009256039660789916,-0.00021089144011010585,-0.004599891572631742,-0.010029795973784283,-0.004722633686836564,-0.01033945666931857,-0.002199688183669779,0.0
surrakar,,-0.005882352900000054,0.006060605520459061,0.0,0.005000000989858755,0.03742706776353888,0.03452380937881916,0.007219251849963637,0.025098039310247122,-0.007848837934075203,-0.02222222147818298,0.018983956950268555,0.0028423775088108894,-0.011111111111111072,0.0
survivor,,0.018310800999999932,0.01481818516034794,0.00023191012775369835,0.01355736459399215,0.027429103702749424,0.008113883649245812,0.0006569529914517425,0.012420585419101737,-0.007470674910411423,0.008535329311347262,-0.01028384897737522,0.0010330577241357553,0.0,0.0
swamp,,0.0031569860000000283,0.0038823135903476302,0.005650133765346066,0.020251176980465635,0.018473096859335625,0.016456635289243904,0.0038741566476943046,0.010405482011343503,-0.005113921465397908,0.0031675846582084333,0.0009383621843241929,-3.980494725175365e-05,-0.0004946472667866075,0.0
teferi,,-0.0050610852999999345,0.003364210657102795,0.06722690246881347,-0.00754522408752778,0.00304526054703258,-0.008781764075011744,-0.0019394657178328778,0.027069496102901214,-0.0033456606126369692,-0.0233873434372176,-0.012105684469139177,-0.004922599427064189,0.0,0.0
tetravite,,,,,,,,,,,,,,,
tezzeret,,0.0020000000000000018,0.013888889221556955,0.005633802639444241,0.006351182514861664,0.04436722188622677,0.037450342643643664,-0.023937455823942244,0.005787879447929134,0.013781694361912677,-0.0543609020330571,0.007407407619373085,0.06492063438049,0.0,0.0
thalakos,,0.008302626999999951,0.0002213343435035764,0.00017138282448625475,0.02415287179086656,0.029528900934516766,0.02185289283751657,0.02078809176219809,0.014128062122520824,-0.02858370963018997,0.02504119828113205,-0.022017252542302135,0.02893032214778679,0.0,0.0
thopter,,-0.003841029699999998,0.007006132462872072,0.010853863492418903,0.029398908470125606,0.06740801726684298,0.013022867504194124,0.03155566723856129,0.00580485812068865,0.011782600788872832,-0.008949228023866995,0.0017392403218132735,0.023645248553600062,0.0,0.0
thrull,,-0.002920467900000001,0.008686742251902135,0.0049024385659246494,0.031204204703952687,0.030419933517191744,0.02205144985321894,0.011051072342066037,0.007652478111333627,-0.0023212508000085563,-0.0016594288333140472,-0.00046014131564153793,0.006097359150618598,0.0,0.0
tower,,0.00604797300000004,0.0037681801482045696,0.001168504154231309,0.02350843388350987,0.01595859855199344,0.01237688105852719,0.005620926143972804,0.00033511340650371757,-0.0011324508768532082,-0.0065012063255300845,-0.0031476084123521764,0.00674305982314749,0.0,0.0
trap,,-0.001469058900000042,0.03220652217804365,0.0015989655086938726,0.046759127542804535,0.03881197700570471,0.1505502736136899,0.010359629685944283,0.012841135851034968,0.0033759657471936766,-0.004314225008801742,-0.009636665038853076,0.0020838552184734294,-7.277546733208684e-05,0.0
treasure,,0.00540483699999994,0.008453945800939167,-0.0012312737844460964,0.013976350180037178,0.049337631789330594,0.006134279473263948,0.022359292532731834,0.0012808737994423058,0.016777865344391296,-0.011238648253016459,0.0022865593227692216,0.00734870533458154,-0.006091009370618905,0.0
treefolk,,0.004189337999999987,0.003467012512733847,0.013019581418387327,0.020198434913070606,0.03038598501426959,0.015038135248583773,0.006130202455955969,0.00950261836250954,0.0065794669736263245,0.002338547098425403,-0.0015041637671573405,-0.0017638429465824945,0.0,0.0
troll,,0.001955152000000071,0.004020726867822955,0.004450387041046833,0.02499397213107213,0.027932913880263532,0.015043369934431006,0.004307796778067807,0.026080350138441233,-0.0010022553612395457,-0.0038952159917717832,-0.0014737995255192926,0.0030221766114022497,3.901651548776641e-05,0.0
turtle,,-0.008695652200000015,0.0016835017456584556,-0.008054626566187162,0.016783216777537024,0.02469565256844941,0.022222222243876155,-0.007142857844175565,0.016251596313714423,-0.028935960254149462,0.023148147805829744,-0.0068965515208435635,-0.0002645496092475996,0.0,0.0
ugin,,0.012790518999999945,0.005211117107623675,0.057908341352924664,0.013179425004538059,0.00819270785177073,0.0048001290549757325,0.00407886499314869,-0.0022243649945568045,-0.0008505357695424154,-0.0009622611097013234,-0.021397324243170646,-0.00581870670252449,0.004999999999999893,0.0
unicorn,,-0.005882352900000054,0.015011904218313221,0.01302521086437336,0.03755827492860497,0.026984126716228296,0.0043478262226770426,0.03537878821964924,0.01726315768172615,-0.00884615417629575,-0.002759378372124477,-0.019652174251755916,0.43698717949849053,0.0,0.0
vampire,,-0.003919710900000095,0.008307174622917746,0.009955953796897843,0.010691469371360451,0.030798475593742047,0.021741159477602245,0.003309399050107187,0.011767224137334775,0.008281686498176954,-0.0066513960841406705,0.008941870964507492,0.010786060389028185,-0.0010856330801507497,0.0
vedalken,,0.013065926999999977,-0.0029601775364022087,0.004759751241549148,0.011387713719232195,0.03233721578920257,0.0504803510966092,0.013996217271451172,0.0026488673663733753,0.008658337180670772,-0.0010312868728563629,0.007853974677454856,-0.02386416037952932,0.0,0.0
vehicle,,0.005513582000000072,0.003625975884629984,-0.000136825737813151,0.025227118283987382,0.06391833045357487,0.02159467892625444,0.00021575195829903748,0.0013906794723643756,0.020146458437901194,-0.011538520978647826,0.0017694627580073785,0.015392492509606281,-0.00045574580458263014,0.0
viashino,,0.003115065000000028,0.002980698929090586,0.0044418840800390935,0.015611318125958729,0.04576192885633934,0.009027286427691239,0.005096012407472372,0.01880339988817359,-0.002882537583122957,-0.008481819290216075,0.004622676498398093,0.003910927196962399,0.0,0.0
volver,,-0.00740740740000001,-0.006451612925325034,0.0021930757752555152,0.08438721767091661,0.051181077169898836,0.06677623702787994,-0.007414234765115935,0.04173604748261428,-0.0452321652637826,-0.005128205024474641,0.01097744335398465,0.031567460112444046,0.0,0.0
vraska,,-0.013288631699999942,-0.0018749991734539062,0.0013105148098160324,0.028606775149375485,0.06854442861214838,0.0019020769285640338,-0.005128929426353235,-0.00035803772468312456,0.024056503877213142,-0.011503960248347989,3.8167695872948215e-05,-0.0005467823456197785,0.0,0.0
wall,,0.0021330330000000064,0.0010053425711196162,0.004086165316101509,0.02080861763805464,0.018733647009384402,0.013868013470172302,-0.0013500628028465522,0.006141282068691245,-0.0038614086152487515,0.00028936185201233755,0.0012929372018730678,0.01236230150789086,0.0006528665319422977,0.0
warrior,,0.027447509000000148,0.017288081234717367,-0.0014262692188576898,0.017232203207760532,0.043102273863588225,0.014491655634996992,0.16455283017218947,0.006727695815700541,-0.00019167761671967654,0.003319325962769515,-0.005111702589240097,0.017782078634688947,-0.0003069027280239167,0.0
weird,,-0.004524886899999969,-0.011869540729355421,0.0,0.01791548724824632,0.04711737577038444,0.03678667804942082,0.017217194221516463,0.017534282790195643,-0.017070384457765875,0.008040442267021941,0.00802103934970444,0.004352809496687371,0.005494505494505475,0.0
werewolf,,0.009412919000000075,0.011543472230911789,0.00041126566853999513,0.0333965155971192,0.02590192825084836,0.03165359412858981,0.029873721993480595,0.013985046083503816,0.022722488452270317,-0.007563825674003155,0.0010505639642988118,0.015622485823828525,0.0,0.0
whale,,-0.0030860929999999565,0.01121558533940692,-0.010765942785068039,0.03721915310728652,0.02850902388916232,0.04710666111042827,-0.011058664436307875,-0.012133308134830378,0.01921172516505565,-0.017936374997565174,0.0076506974062637845,0.01334336433650396,0.0,0.0
wildfire,,0.0065319919999999865,-0.015842491075037768,-0.0030157342684212773,0.024440464474876578,-0.00816531055604064,0.03697632478412549,0.0016317971309609547,0.02770037875528475,0.003077419963807726,-0.023057669039842743,-0.010376410307924466,0.02950656328178103,0.020447906523856085,0.0
will,,0.004578173000000074,0.00279903453566277,-0.0012941720401515866,0.019504151157865968,0.01939663022113347,0.01739793386456201,-0.003919505029293613,0.022873985048973644,-0.013344969785765382,-0.0034506555368019054,-0.0003901502797393208,0.011952563449585618,0.0,0.0
wizard,,-0.006961930400000038,0.013237519086549243,0.0014016827925700248,0.00497275102273842,0.049860115495283575,0.008343267398108534,0.010472575026428066,0.006833591186827581,-0.00409075977859541,-0.00842456754648746,0.0030525600943100972,0.0027236631822056268,0.0,0.0
wolf,,0.001393715000000073,0.010735752420814926,0.002248041813557977,0.019849062031246367,0.03147200322893595,0.02301160025202731,0.011846930880214934,0.012610506458871962,0.0019573411943527574,-0.012629130817973011,0.005944857050833141,0.022869179782115445,0.0002485536426222179,0.0
wolverine,,,,,,,,,,,,,,,
worm,,-0.0006803105999999559,0.005497038293419632,0.0025577465963249058,0.028849288405484286,0.021400733236359715,0.017525373141239475,0.00233836751907579,0.006113440042371243,-0.013845441365867406,-0.0020491122334256318,0.0015738194137033812,-0.00023536219644104683,0.0,0.0
wurm,,0.005415356999999954,-0.0026528498708816572,0.0068923987164988265,0.017247914101447437,0.02514851994583789,0.020721166980531613,0.006929333781867886,0.0068322440078933955,0.000141211852808798,-0.005933568678702428,-0.004722488343592346,0.0093250259343034,0.0004901960784315929,0.0
xenagos,,,,,,,,,,,,,,,
yanling,,,,,,,,,,,,,,,
yeti,,0.012205387000000067,0.004761905105332032,-0.007093300627287302,0.012399053595105958,0.00833333356972088,0.03757409924088151,-0.00013683627503224827,0.006674349558612125,0.0009415645208052936,0.016880341720718617,-0.013065803342764304,0.022957055049020125,0.0,0.0
zendikar,,0.00660330099999995,-0.0072959858096074415,0.014258181750751442,0.016787007979254254,0.0033649898214249685,0.008003008212299711,-0.010686075171631448,0.006590068774809055,0.013961998333564596,-0.012351901402095411,0.0032693755902672983,0.015554148105566545,0.002196836555360182,0.0
zombie,,0.0071630719999999926,0.007675542536174307,0.0039949320992611614,0.0177995987402797,0.035930586095164196,0.021888258623397938,0.015822890510240217,0.007558429789189969,-0.001796851498626073,-0.004943227560846752,-0.007547523755830232,0.003965796118123421,-0.0009715204283310408,0.0
zubera,,0.007142857000000058,0.01554621858376537,-0.0005915407988023036,0.0071428566397380155,0.027834467059885126,0.006802721345590346,0.014321518686524204,0.0059523802142600335,-0.0064935058603079465,-0.0064935065175573126,0.006731601226247053,0.01275510188967166,0.0,0.0
